id;codigo;nombre;codigo_unificado;departamento_codigo;active;created_date;published_date;departamento_id
1;001;Medellin;05001;05;1;2020-06-04 14:45:30.880;2020-06-04 14:45:30.880;1
2;002;Abejorral;05002;05;1;2020-06-04 14:45:30.880;2020-06-04 14:45:30.880;1
4;021;Alejandria;05021;05;1;2020-06-04 14:45:30.880;2020-06-04 14:45:30.880;1
5;030;Amaga;05030;05;1;2020-06-04 14:45:30.880;2020-06-04 14:45:30.880;1
6;031;Amalfi;05031;05;1;2020-06-04 14:45:30.880;2020-06-04 14:45:30.880;1
7;034;Andes;05034;05;1;2020-06-04 14:45:30.880;2020-06-04 14:45:30.880;1
8;036;Angelopolis;05036;05;1;2020-06-04 14:45:30.880;2020-06-04 14:45:30.880;1
9;038;Angostura;05038;05;1;2020-06-04 14:45:30.880;2020-06-04 14:45:30.880;1
10;040;Anori;05040;05;1;2020-06-04 14:45:30.880;2020-06-04 14:45:30.880;1
11;042;Santafe De Antioquia;05042;05;1;2020-06-04 14:45:30.880;2020-06-04 14:45:30.880;1
12;044;Anza;05044;05;1;2020-06-04 14:45:30.880;2020-06-04 14:45:30.880;1
13;045;Apartado;05045;05;1;2020-06-04 14:45:30.880;2020-06-04 14:45:30.880;1
14;051;Arboletes;05051;05;1;2020-06-04 14:45:30.880;2020-06-04 14:45:30.880;1
15;055;Argelia;05055;05;1;2020-06-04 14:45:30.880;2020-06-04 14:45:30.880;1
16;059;Armenia;05059;05;1;2020-06-04 14:45:30.880;2020-06-04 14:45:30.880;1
17;079;Barbosa;05079;05;1;2020-06-04 14:45:30.880;2020-06-04 14:45:30.880;1
18;086;Belmira;05086;05;1;2020-06-04 14:45:30.880;2020-06-04 14:45:30.880;1
19;088;Bello;05088;05;1;2020-06-04 14:45:30.880;2020-06-04 14:45:30.880;1
20;091;Betania;05091;05;1;2020-06-04 14:45:30.880;2020-06-04 14:45:30.880;1
21;093;Betulia;05093;05;1;2020-06-04 14:45:30.880;2020-06-04 14:45:30.880;1
22;101;Ciudad Bolivar;05101;05;1;2020-06-04 14:45:30.880;2020-06-04 14:45:30.880;1
23;107;Briceño;05107;05;1;2020-06-04 14:45:30.880;2020-06-04 14:45:30.880;1
24;113;Buritica;05113;05;1;2020-06-04 14:45:30.880;2020-06-04 14:45:30.880;1
25;120;Caceres;05120;05;1;2020-06-04 14:45:30.880;2020-06-04 14:45:30.880;1
26;125;Caicedo;05125;05;1;2020-06-04 14:45:30.880;2020-06-04 14:45:30.880;1
27;129;Caldas;05129;05;1;2020-06-04 14:45:30.880;2020-06-04 14:45:30.880;1
28;134;Campamento;05134;05;1;2020-06-04 14:45:30.880;2020-06-04 14:45:30.880;1
29;138;Cañasgordas;05138;05;1;2020-06-04 14:45:30.880;2020-06-04 14:45:30.880;1
30;142;Caracoli;05142;05;1;2020-06-04 14:45:30.880;2020-06-04 14:45:30.880;1
31;145;Caramanta;05145;05;1;2020-06-04 14:45:30.880;2020-06-04 14:45:30.880;1
32;147;Carepa;05147;05;1;2020-06-04 14:45:30.880;2020-06-04 14:45:30.880;1
33;148;El Carmen De Viboral;05148;05;1;2020-06-04 14:45:30.880;2020-06-04 14:45:30.880;1
34;150;Carolina;05150;05;1;2020-06-04 14:45:30.880;2020-06-04 14:45:30.880;1
35;154;Caucasia;05154;05;1;2020-06-04 14:45:30.880;2020-06-04 14:45:30.880;1
36;172;Chigorodo;05172;05;1;2020-06-04 14:45:30.880;2020-06-04 14:45:30.880;1
37;190;Cisneros;05190;05;1;2020-06-04 14:45:30.880;2020-06-04 14:45:30.880;1
38;197;Cocorna;05197;05;1;2020-06-04 14:45:30.880;2020-06-04 14:45:30.880;1
39;206;Concepcion;05206;05;1;2020-06-04 14:45:30.880;2020-06-04 14:45:30.880;1
40;209;Concordia;05209;05;1;2020-06-04 14:45:30.880;2020-06-04 14:45:30.880;1
41;212;Copacabana;05212;05;1;2020-06-04 14:45:30.880;2020-06-04 14:45:30.880;1
42;234;Dabeiba;05234;05;1;2020-06-04 14:45:30.880;2020-06-04 14:45:30.880;1
43;237;Don Matias;05237;05;1;2020-06-04 14:45:30.880;2020-06-04 14:45:30.880;1
44;240;Ebejico;05240;05;1;2020-06-04 14:45:30.880;2020-06-04 14:45:30.880;1
45;250;El Bagre;05250;05;1;2020-06-04 14:45:30.880;2020-06-04 14:45:30.880;1
46;264;Entrerrios;05264;05;1;2020-06-04 14:45:30.880;2020-06-04 14:45:30.880;1
47;266;Envigado;05266;05;1;2020-06-04 14:45:30.880;2020-06-04 14:45:30.880;1
48;282;Fredonia;05282;05;1;2020-06-04 14:45:30.880;2020-06-04 14:45:30.880;1
49;284;Frontino;05284;05;1;2020-06-04 14:45:30.880;2020-06-04 14:45:30.880;1
50;306;Giraldo;05306;05;1;2020-06-04 14:45:30.880;2020-06-04 14:45:30.880;1
51;308;Girardota;05308;05;1;2020-06-04 14:45:30.880;2020-06-04 14:45:30.880;1
52;310;Gomez Plata;05310;05;1;2020-06-04 14:45:30.880;2020-06-04 14:45:30.880;1
53;313;Granada;05313;05;1;2020-06-04 14:45:30.880;2020-06-04 14:45:30.880;1
54;315;Guadalupe;05315;05;1;2020-06-04 14:45:30.880;2020-06-04 14:45:30.880;1
55;318;Guarne;05318;05;1;2020-06-04 14:45:30.880;2020-06-04 14:45:30.880;1
56;321;Guatape;05321;05;1;2020-06-04 14:45:30.880;2020-06-04 14:45:30.880;1
57;347;Heliconia;05347;05;1;2020-06-04 14:45:30.880;2020-06-04 14:45:30.880;1
58;353;Hispania;05353;05;1;2020-06-04 14:45:30.880;2020-06-04 14:45:30.880;1
59;360;Itagüi;05360;05;1;2020-06-04 14:45:30.880;2020-06-04 14:45:30.880;1
60;361;Ituango;05361;05;1;2020-06-04 14:45:30.880;2020-06-04 14:45:30.880;1
61;364;Jardin;05364;05;1;2020-06-04 14:45:30.880;2020-06-04 14:45:30.880;1
62;368;Jerico;05368;05;1;2020-06-04 14:45:30.880;2020-06-04 14:45:30.880;1
63;376;La Ceja;05376;05;1;2020-06-04 14:45:30.880;2020-06-04 14:45:30.880;1
64;380;La Estrella;05380;05;1;2020-06-04 14:45:30.880;2020-06-04 14:45:30.880;1
65;390;La Pintada;05390;05;1;2020-06-04 14:45:30.880;2020-06-04 14:45:30.880;1
66;400;La Union;05400;05;1;2020-06-04 14:45:30.880;2020-06-04 14:45:30.880;1
67;411;Liborina;05411;05;1;2020-06-04 14:45:30.880;2020-06-04 14:45:30.880;1
68;425;Maceo;05425;05;1;2020-06-04 14:45:30.880;2020-06-04 14:45:30.880;1
69;440;Marinilla;05440;05;1;2020-06-04 14:45:30.880;2020-06-04 14:45:30.880;1
70;467;Montebello;05467;05;1;2020-06-04 14:45:30.880;2020-06-04 14:45:30.880;1
71;475;Murindo;05475;05;1;2020-06-04 14:45:30.880;2020-06-04 14:45:30.880;1
72;480;Mutata;05480;05;1;2020-06-04 14:45:30.880;2020-06-04 14:45:30.880;1
73;483;Nariño;05483;05;1;2020-06-04 14:45:30.880;2020-06-04 14:45:30.880;1
74;490;Necocli;05490;05;1;2020-06-04 14:45:30.880;2020-06-04 14:45:30.880;1
75;495;Nechi;05495;05;1;2020-06-04 14:45:30.880;2020-06-04 14:45:30.880;1
76;501;Olaya;05501;05;1;2020-06-04 14:45:30.880;2020-06-04 14:45:30.880;1
77;541;Peñol;05541;05;1;2020-06-04 14:45:30.880;2020-06-04 14:45:30.880;1
78;543;Peque;05543;05;1;2020-06-04 14:45:30.880;2020-06-04 14:45:30.880;1
79;576;Pueblorrico;05576;05;1;2020-06-04 14:45:30.880;2020-06-04 14:45:30.880;1
80;579;Puerto Berrio;05579;05;1;2020-06-04 14:45:30.880;2020-06-04 14:45:30.880;1
81;585;Puerto Nare;05585;05;1;2020-06-04 14:45:30.880;2020-06-04 14:45:30.880;1
82;591;Puerto Triunfo;05591;05;1;2020-06-04 14:45:30.880;2020-06-04 14:45:30.880;1
83;604;Remedios;05604;05;1;2020-06-04 14:45:30.880;2020-06-04 14:45:30.880;1
84;607;Retiro;05607;05;1;2020-06-04 14:45:30.880;2020-06-04 14:45:30.880;1
85;615;Rionegro;05615;05;1;2020-06-04 14:45:30.880;2020-06-04 14:45:30.880;1
86;628;Sabanalarga;05628;05;1;2020-06-04 14:45:30.880;2020-06-04 14:45:30.880;1
87;631;Sabaneta;05631;05;1;2020-06-04 14:45:30.880;2020-06-04 14:45:30.880;1
88;642;Salgar;05642;05;1;2020-06-04 14:45:30.880;2020-06-04 14:45:30.880;1
89;647;San Andres;05647;05;1;2020-06-04 14:45:30.880;2020-06-04 14:45:30.880;1
90;649;San Carlos;05649;05;1;2020-06-04 14:45:30.880;2020-06-04 14:45:30.880;1
91;652;San Francisco;05652;05;1;2020-06-04 14:45:30.880;2020-06-04 14:45:30.880;1
92;656;San Jeronimo;05656;05;1;2020-06-04 14:45:30.880;2020-06-04 14:45:30.880;1
93;658;San Jose De La Montaña;05658;05;1;2020-06-04 14:45:30.880;2020-06-04 14:45:30.880;1
94;659;San Juan De Uraba;05659;05;1;2020-06-04 14:45:30.880;2020-06-04 14:45:30.880;1
95;660;San Luis;05660;05;1;2020-06-04 14:45:30.880;2020-06-04 14:45:30.880;1
96;664;San Pedro;05664;05;1;2020-06-04 14:45:30.880;2020-06-04 14:45:30.880;1
97;665;San Pedro De Uraba;05665;05;1;2020-06-04 14:45:30.880;2020-06-04 14:45:30.880;1
98;667;San Rafael;05667;05;1;2020-06-04 14:45:30.880;2020-06-04 14:45:30.880;1
99;670;San Roque;05670;05;1;2020-06-04 14:45:30.880;2020-06-04 14:45:30.880;1
100;674;San Vicente;05674;05;1;2020-06-04 14:45:30.880;2020-06-04 14:45:30.880;1
101;679;Santa Barbara;05679;05;1;2020-06-04 14:45:30.880;2020-06-04 14:45:30.880;1
102;686;Santa Rosa De Osos;05686;05;1;2020-06-04 14:45:30.880;2020-06-04 14:45:30.880;1
103;690;Santo Domingo;05690;05;1;2020-06-04 14:45:30.880;2020-06-04 14:45:30.880;1
104;697;El Santuario;05697;05;1;2020-06-04 14:45:30.880;2020-06-04 14:45:30.880;1
105;736;Segovia;05736;05;1;2020-06-04 14:45:30.880;2020-06-04 14:45:30.880;1
106;756;Sonson;05756;05;1;2020-06-04 14:45:30.880;2020-06-04 14:45:30.880;1
107;761;Sopetran;05761;05;1;2020-06-04 14:45:30.880;2020-06-04 14:45:30.880;1
108;789;Tamesis;05789;05;1;2020-06-04 14:45:30.880;2020-06-04 14:45:30.880;1
109;790;Taraza;05790;05;1;2020-06-04 14:45:30.880;2020-06-04 14:45:30.880;1
110;792;Tarso;05792;05;1;2020-06-04 14:45:30.880;2020-06-04 14:45:30.880;1
111;809;Titiribi;05809;05;1;2020-06-04 14:45:30.880;2020-06-04 14:45:30.880;1
112;819;Toledo;05819;05;1;2020-06-04 14:45:30.880;2020-06-04 14:45:30.880;1
113;837;Turbo;05837;05;1;2020-06-04 14:45:30.880;2020-06-04 14:45:30.880;1
114;842;Uramita;05842;05;1;2020-06-04 14:45:30.880;2020-06-04 14:45:30.880;1
115;847;Urrao;05847;05;1;2020-06-04 14:45:30.880;2020-06-04 14:45:30.880;1
116;854;Valdivia;05854;05;1;2020-06-04 14:45:30.880;2020-06-04 14:45:30.880;1
117;856;Valparaiso;05856;05;1;2020-06-04 14:45:30.880;2020-06-04 14:45:30.880;1
118;858;Vegachi;05858;05;1;2020-06-04 14:45:30.880;2020-06-04 14:45:30.880;1
119;861;Venecia;05861;05;1;2020-06-04 14:45:30.880;2020-06-04 14:45:30.880;1
120;873;Vigia Del Fuerte;05873;05;1;2020-06-04 14:45:30.880;2020-06-04 14:45:30.880;1
121;885;Yali;05885;05;1;2020-06-04 14:45:30.880;2020-06-04 14:45:30.880;1
122;887;Yarumal;05887;05;1;2020-06-04 14:45:30.880;2020-06-04 14:45:30.880;1
123;890;Yolombo;05890;05;1;2020-06-04 14:45:30.880;2020-06-04 14:45:30.880;1
124;893;Yondo;05893;05;1;2020-06-04 14:45:30.880;2020-06-04 14:45:30.880;1
125;895;Zaragoza;05895;05;1;2020-06-04 14:45:30.880;2020-06-04 14:45:30.880;1
126;001;Barranquilla;08001;08;1;2020-06-04 14:45:30.880;2020-06-04 14:45:30.880;2
127;078;Baranoa;08078;08;1;2020-06-04 14:45:30.880;2020-06-04 14:45:30.880;2
128;137;Campo De La Cruz;08137;08;1;2020-06-04 14:45:30.880;2020-06-04 14:45:30.880;2
129;141;Candelaria;08141;08;1;2020-06-04 14:45:30.880;2020-06-04 14:45:30.880;2
130;296;Galapa;08296;08;1;2020-06-04 14:45:30.880;2020-06-04 14:45:30.880;2
131;372;Juan De Acosta;08372;08;1;2020-06-04 14:45:30.880;2020-06-04 14:45:30.880;2
132;421;Luruaco;08421;08;1;2020-06-04 14:45:30.880;2020-06-04 14:45:30.880;2
133;433;Malambo;08433;08;1;2020-06-04 14:45:30.880;2020-06-04 14:45:30.880;2
134;436;Manati;08436;08;1;2020-06-04 14:45:30.880;2020-06-04 14:45:30.880;2
135;520;Palmar De Varela;08520;08;1;2020-06-04 14:45:30.880;2020-06-04 14:45:30.880;2
136;549;Piojo;08549;08;1;2020-06-04 14:45:30.880;2020-06-04 14:45:30.880;2
137;558;Polonuevo;08558;08;1;2020-06-04 14:45:30.880;2020-06-04 14:45:30.880;2
138;560;Ponedera;08560;08;1;2020-06-04 14:45:30.880;2020-06-04 14:45:30.880;2
139;573;Puerto Colombia;08573;08;1;2020-06-04 14:45:30.880;2020-06-04 14:45:30.880;2
140;606;Repelon;08606;08;1;2020-06-04 14:45:30.880;2020-06-04 14:45:30.880;2
141;634;Sabanagrande;08634;08;1;2020-06-04 14:45:30.880;2020-06-04 14:45:30.880;2
142;638;Sabanalarga;08638;08;1;2020-06-04 14:45:30.880;2020-06-04 14:45:30.880;2
143;675;Santa Lucia;08675;08;1;2020-06-04 14:45:30.880;2020-06-04 14:45:30.880;2
144;685;Santo Tomas;08685;08;1;2020-06-04 14:45:30.880;2020-06-04 14:45:30.880;2
145;758;Soledad;08758;08;1;2020-06-04 14:45:30.880;2020-06-04 14:45:30.880;2
146;770;Suan;08770;08;1;2020-06-04 14:45:30.880;2020-06-04 14:45:30.880;2
147;832;Tubara;08832;08;1;2020-06-04 14:45:30.880;2020-06-04 14:45:30.880;2
148;849;Usiacuri;08849;08;1;2020-06-04 14:45:30.880;2020-06-04 14:45:30.880;2
149;001;Bogota, Distrito Capital;11001;11;1;2020-06-04 14:45:30.880;2020-06-04 14:45:30.880;3
150;001;Cartagena;13001;13;1;2020-06-04 14:45:30.880;2020-06-04 14:45:30.880;4
151;006;Achi;13006;13;1;2020-06-04 14:45:30.880;2020-06-04 14:45:30.880;4
152;030;Altos Del Rosario;13030;13;1;2020-06-04 14:45:30.880;2020-06-04 14:45:30.880;4
153;042;Arenal;13042;13;1;2020-06-04 14:45:30.880;2020-06-04 14:45:30.880;4
154;052;Arjona;13052;13;1;2020-06-04 14:45:30.880;2020-06-04 14:45:30.880;4
155;062;Arroyohondo;13062;13;1;2020-06-04 14:45:30.880;2020-06-04 14:45:30.880;4
156;074;Barranco De Loba;13074;13;1;2020-06-04 14:45:30.880;2020-06-04 14:45:30.880;4
157;140;Calamar;13140;13;1;2020-06-04 14:45:30.880;2020-06-04 14:45:30.880;4
158;160;Cantagallo;13160;13;1;2020-06-04 14:45:30.880;2020-06-04 14:45:30.880;4
159;188;Cicuco;13188;13;1;2020-06-04 14:45:30.880;2020-06-04 14:45:30.880;4
160;212;Cordoba;13212;13;1;2020-06-04 14:45:30.880;2020-06-04 14:45:30.880;4
161;222;Clemencia;13222;13;1;2020-06-04 14:45:30.880;2020-06-04 14:45:30.880;4
162;244;El Carmen De Bolivar;13244;13;1;2020-06-04 14:45:30.880;2020-06-04 14:45:30.880;4
163;248;El Guamo;13248;13;1;2020-06-04 14:45:30.880;2020-06-04 14:45:30.880;4
164;268;El Peñon;13268;13;1;2020-06-04 14:45:30.880;2020-06-04 14:45:30.880;4
165;300;Hatillo De Loba;13300;13;1;2020-06-04 14:45:30.880;2020-06-04 14:45:30.880;4
166;430;Magangue;13430;13;1;2020-06-04 14:45:30.880;2020-06-04 14:45:30.880;4
167;433;Mahates;13433;13;1;2020-06-04 14:45:30.880;2020-06-04 14:45:30.880;4
168;440;Margarita;13440;13;1;2020-06-04 14:45:30.880;2020-06-04 14:45:30.880;4
169;442;Maria La Baja;13442;13;1;2020-06-04 14:45:30.880;2020-06-04 14:45:30.880;4
170;458;Montecristo;13458;13;1;2020-06-04 14:45:30.880;2020-06-04 14:45:30.880;4
171;468;Mompos;13468;13;1;2020-06-04 14:45:30.880;2020-06-04 14:45:30.880;4
172;473;Morales;13473;13;1;2020-06-04 14:45:30.880;2020-06-04 14:45:30.880;4
173;549;Pinillos;13549;13;1;2020-06-04 14:45:30.880;2020-06-04 14:45:30.880;4
174;580;Regidor;13580;13;1;2020-06-04 14:45:30.880;2020-06-04 14:45:30.880;4
175;600;Rio Viejo;13600;13;1;2020-06-04 14:45:30.880;2020-06-04 14:45:30.880;4
176;620;San Cristobal;13620;13;1;2020-06-04 14:45:30.880;2020-06-04 14:45:30.880;4
177;647;San Estanislao;13647;13;1;2020-06-04 14:45:30.880;2020-06-04 14:45:30.880;4
178;650;San Fernando;13650;13;1;2020-06-04 14:45:30.880;2020-06-04 14:45:30.880;4
179;654;San Jacinto;13654;13;1;2020-06-04 14:45:30.880;2020-06-04 14:45:30.880;4
180;655;San Jacinto Del Cauca;13655;13;1;2020-06-04 14:45:30.880;2020-06-04 14:45:30.880;4
181;657;San Juan Nepomuceno;13657;13;1;2020-06-04 14:45:30.880;2020-06-04 14:45:30.880;4
182;667;San Martin De Loba;13667;13;1;2020-06-04 14:45:30.880;2020-06-04 14:45:30.880;4
183;670;San Pablo;13670;13;1;2020-06-04 14:45:30.880;2020-06-04 14:45:30.880;4
184;673;Santa Catalina;13673;13;1;2020-06-04 14:45:30.880;2020-06-04 14:45:30.880;4
185;683;Santa Rosa;13683;13;1;2020-06-04 14:45:30.880;2020-06-04 14:45:30.880;4
186;688;Santa Rosa Del Sur;13688;13;1;2020-06-04 14:45:30.880;2020-06-04 14:45:30.880;4
187;744;Simiti;13744;13;1;2020-06-04 14:45:30.880;2020-06-04 14:45:30.880;4
188;760;Soplaviento;13760;13;1;2020-06-04 14:45:30.880;2020-06-04 14:45:30.880;4
189;780;Talaigua Nuevo;13780;13;1;2020-06-04 14:45:30.880;2020-06-04 14:45:30.880;4
190;810;Tiquisio;13810;13;1;2020-06-04 14:45:30.880;2020-06-04 14:45:30.880;4
191;836;Turbaco;13836;13;1;2020-06-04 14:45:30.880;2020-06-04 14:45:30.880;4
192;838;Turbana;13838;13;1;2020-06-04 14:45:30.880;2020-06-04 14:45:30.880;4
193;873;Villanueva;13873;13;1;2020-06-04 14:45:30.880;2020-06-04 14:45:30.880;4
194;894;Zambrano;13894;13;1;2020-06-04 14:45:30.880;2020-06-04 14:45:30.880;4
195;001;Tunja;15001;15;1;2020-06-04 14:45:30.880;2020-06-04 14:45:30.880;5
196;022;Almeida;15022;15;1;2020-06-04 14:45:30.880;2020-06-04 14:45:30.880;5
197;047;Aquitania;15047;15;1;2020-06-04 14:45:30.880;2020-06-04 14:45:30.880;5
198;051;Arcabuco;15051;15;1;2020-06-04 14:45:30.880;2020-06-04 14:45:30.880;5
199;087;Belen;15087;15;1;2020-06-04 14:45:30.880;2020-06-04 14:45:30.880;5
200;090;Berbeo;15090;15;1;2020-06-04 14:45:30.880;2020-06-04 14:45:30.880;5
201;092;Beteitiva;15092;15;1;2020-06-04 14:45:30.880;2020-06-04 14:45:30.880;5
202;097;Boavita;15097;15;1;2020-06-04 14:45:30.880;2020-06-04 14:45:30.880;5
203;104;Boyaca;15104;15;1;2020-06-04 14:45:30.880;2020-06-04 14:45:30.880;5
204;106;Briceño;15106;15;1;2020-06-04 14:45:30.880;2020-06-04 14:45:30.880;5
205;109;Buenavista;15109;15;1;2020-06-04 14:45:30.880;2020-06-04 14:45:30.880;5
206;114;Busbanza;15114;15;1;2020-06-04 14:45:30.880;2020-06-04 14:45:30.880;5
207;131;Caldas;15131;15;1;2020-06-04 14:45:30.880;2020-06-04 14:45:30.880;5
208;135;Campohermoso;15135;15;1;2020-06-04 14:45:30.880;2020-06-04 14:45:30.880;5
209;162;Cerinza;15162;15;1;2020-06-04 14:45:30.880;2020-06-04 14:45:30.880;5
210;172;Chinavita;15172;15;1;2020-06-04 14:45:30.880;2020-06-04 14:45:30.880;5
211;176;Chiquinquira;15176;15;1;2020-06-04 14:45:30.880;2020-06-04 14:45:30.880;5
212;180;Chiscas;15180;15;1;2020-06-04 14:45:30.880;2020-06-04 14:45:30.880;5
213;183;Chita;15183;15;1;2020-06-04 14:45:30.880;2020-06-04 14:45:30.880;5
214;185;Chitaraque;15185;15;1;2020-06-04 14:45:30.880;2020-06-04 14:45:30.880;5
215;187;Chivata;15187;15;1;2020-06-04 14:45:30.880;2020-06-04 14:45:30.880;5
216;189;Cienega;15189;15;1;2020-06-04 14:45:30.880;2020-06-04 14:45:30.880;5
217;204;Combita;15204;15;1;2020-06-04 14:45:30.880;2020-06-04 14:45:30.880;5
218;212;Coper;15212;15;1;2020-06-04 14:45:30.880;2020-06-04 14:45:30.880;5
219;215;Corrales;15215;15;1;2020-06-04 14:45:30.880;2020-06-04 14:45:30.880;5
220;218;Covarachia;15218;15;1;2020-06-04 14:45:30.880;2020-06-04 14:45:30.880;5
221;223;Cubara;15223;15;1;2020-06-04 14:45:30.880;2020-06-04 14:45:30.880;5
222;224;Cucaita;15224;15;1;2020-06-04 14:45:30.880;2020-06-04 14:45:30.880;5
223;226;Cuitiva;15226;15;1;2020-06-04 14:45:30.880;2020-06-04 14:45:30.880;5
224;232;Chiquiza;15232;15;1;2020-06-04 14:45:30.880;2020-06-04 14:45:30.880;5
225;236;Chivor;15236;15;1;2020-06-04 14:45:30.880;2020-06-04 14:45:30.880;5
226;238;Duitama;15238;15;1;2020-06-04 14:45:30.880;2020-06-04 14:45:30.880;5
227;244;El Cocuy;15244;15;1;2020-06-04 14:45:30.880;2020-06-04 14:45:30.880;5
228;248;El Espino;15248;15;1;2020-06-04 14:45:30.880;2020-06-04 14:45:30.880;5
229;272;Firavitoba;15272;15;1;2020-06-04 14:45:30.880;2020-06-04 14:45:30.880;5
230;276;Floresta;15276;15;1;2020-06-04 14:45:30.880;2020-06-04 14:45:30.880;5
231;293;Gachantiva;15293;15;1;2020-06-04 14:45:30.880;2020-06-04 14:45:30.880;5
232;296;Gameza;15296;15;1;2020-06-04 14:45:30.880;2020-06-04 14:45:30.880;5
233;299;Garagoa;15299;15;1;2020-06-04 14:45:30.880;2020-06-04 14:45:30.880;5
234;317;Guacamayas;15317;15;1;2020-06-04 14:45:30.880;2020-06-04 14:45:30.880;5
235;322;Guateque;15322;15;1;2020-06-04 14:45:30.880;2020-06-04 14:45:30.880;5
236;325;Guayata;15325;15;1;2020-06-04 14:45:30.880;2020-06-04 14:45:30.880;5
237;332;Güican;15332;15;1;2020-06-04 14:45:30.880;2020-06-04 14:45:30.880;5
238;362;Iza;15362;15;1;2020-06-04 14:45:30.880;2020-06-04 14:45:30.880;5
239;367;Jenesano;15367;15;1;2020-06-04 14:45:30.880;2020-06-04 14:45:30.880;5
240;368;Jerico;15368;15;1;2020-06-04 14:45:30.880;2020-06-04 14:45:30.880;5
241;377;Labranzagrande;15377;15;1;2020-06-04 14:45:30.880;2020-06-04 14:45:30.880;5
242;380;La Capilla;15380;15;1;2020-06-04 14:45:30.880;2020-06-04 14:45:30.880;5
243;401;La Victoria;15401;15;1;2020-06-04 14:45:30.880;2020-06-04 14:45:30.880;5
244;403;La Uvita;15403;15;1;2020-06-04 14:45:30.880;2020-06-04 14:45:30.880;5
245;407;Villa De Leyva;15407;15;1;2020-06-04 14:45:30.880;2020-06-04 14:45:30.880;5
246;425;Macanal;15425;15;1;2020-06-04 14:45:30.880;2020-06-04 14:45:30.880;5
247;442;Maripi;15442;15;1;2020-06-04 14:45:30.880;2020-06-04 14:45:30.880;5
248;455;Miraflores;15455;15;1;2020-06-04 14:45:30.880;2020-06-04 14:45:30.880;5
249;464;Mongua;15464;15;1;2020-06-04 14:45:30.880;2020-06-04 14:45:30.880;5
250;466;Mongui;15466;15;1;2020-06-04 14:45:30.880;2020-06-04 14:45:30.880;5
251;469;Moniquira;15469;15;1;2020-06-04 14:45:30.880;2020-06-04 14:45:30.880;5
252;476;Motavita;15476;15;1;2020-06-04 14:45:30.880;2020-06-04 14:45:30.880;5
253;480;Muzo;15480;15;1;2020-06-04 14:45:30.880;2020-06-04 14:45:30.880;5
254;491;Nobsa;15491;15;1;2020-06-04 14:45:30.880;2020-06-04 14:45:30.880;5
255;494;Nuevo Colon;15494;15;1;2020-06-04 14:45:30.880;2020-06-04 14:45:30.880;5
256;500;Oicata;15500;15;1;2020-06-04 14:45:30.880;2020-06-04 14:45:30.880;5
257;507;Otanche;15507;15;1;2020-06-04 14:45:30.880;2020-06-04 14:45:30.880;5
258;511;Pachavita;15511;15;1;2020-06-04 14:45:30.880;2020-06-04 14:45:30.880;5
259;514;Paez;15514;15;1;2020-06-04 14:45:30.880;2020-06-04 14:45:30.880;5
260;516;Paipa;15516;15;1;2020-06-04 14:45:30.880;2020-06-04 14:45:30.880;5
261;518;Pajarito;15518;15;1;2020-06-04 14:45:30.880;2020-06-04 14:45:30.880;5
262;522;Panqueba;15522;15;1;2020-06-04 14:45:30.880;2020-06-04 14:45:30.880;5
263;531;Pauna;15531;15;1;2020-06-04 14:45:30.880;2020-06-04 14:45:30.880;5
264;533;Paya;15533;15;1;2020-06-04 14:45:30.880;2020-06-04 14:45:30.880;5
265;537;Paz De Rio;15537;15;1;2020-06-04 14:45:30.880;2020-06-04 14:45:30.880;5
266;542;Pesca;15542;15;1;2020-06-04 14:45:30.880;2020-06-04 14:45:30.880;5
267;550;Pisba;15550;15;1;2020-06-04 14:45:30.880;2020-06-04 14:45:30.880;5
268;572;Puerto Boyaca;15572;15;1;2020-06-04 14:45:30.880;2020-06-04 14:45:30.880;5
269;580;Quipama;15580;15;1;2020-06-04 14:45:30.880;2020-06-04 14:45:30.880;5
270;599;Ramiriqui;15599;15;1;2020-06-04 14:45:30.880;2020-06-04 14:45:30.880;5
271;600;Raquira;15600;15;1;2020-06-04 14:45:30.880;2020-06-04 14:45:30.880;5
272;621;Rondon;15621;15;1;2020-06-04 14:45:30.880;2020-06-04 14:45:30.880;5
273;632;Saboya;15632;15;1;2020-06-04 14:45:30.880;2020-06-04 14:45:30.880;5
274;638;Sachica;15638;15;1;2020-06-04 14:45:30.880;2020-06-04 14:45:30.880;5
275;646;Samaca;15646;15;1;2020-06-04 14:45:30.880;2020-06-04 14:45:30.880;5
276;660;San Eduardo;15660;15;1;2020-06-04 14:45:30.880;2020-06-04 14:45:30.880;5
277;664;San Jose De Pare;15664;15;1;2020-06-04 14:45:30.880;2020-06-04 14:45:30.880;5
278;667;San Luis De Gaceno;15667;15;1;2020-06-04 14:45:30.880;2020-06-04 14:45:30.880;5
279;673;San Mateo;15673;15;1;2020-06-04 14:45:30.880;2020-06-04 14:45:30.880;5
280;676;San Miguel De Sema;15676;15;1;2020-06-04 14:45:30.880;2020-06-04 14:45:30.880;5
281;681;San Pablo De Borbur;15681;15;1;2020-06-04 14:45:30.880;2020-06-04 14:45:30.880;5
282;686;Santana;15686;15;1;2020-06-04 14:45:30.880;2020-06-04 14:45:30.880;5
283;690;Santa Maria;15690;15;1;2020-06-04 14:45:30.880;2020-06-04 14:45:30.880;5
284;693;Santa Rosa De Viterbo;15693;15;1;2020-06-04 14:45:30.880;2020-06-04 14:45:30.880;5
285;696;Santa Sofia;15696;15;1;2020-06-04 14:45:30.880;2020-06-04 14:45:30.880;5
286;720;Sativanorte;15720;15;1;2020-06-04 14:45:30.880;2020-06-04 14:45:30.880;5
287;723;Sativasur;15723;15;1;2020-06-04 14:45:30.880;2020-06-04 14:45:30.880;5
288;740;Siachoque;15740;15;1;2020-06-04 14:45:30.880;2020-06-04 14:45:30.880;5
289;753;Soata;15753;15;1;2020-06-04 14:45:30.880;2020-06-04 14:45:30.880;5
290;755;Socota;15755;15;1;2020-06-04 14:45:30.880;2020-06-04 14:45:30.880;5
291;757;Socha;15757;15;1;2020-06-04 14:45:30.880;2020-06-04 14:45:30.880;5
292;759;Sogamoso;15759;15;1;2020-06-04 14:45:30.880;2020-06-04 14:45:30.880;5
293;761;Somondoco;15761;15;1;2020-06-04 14:45:30.880;2020-06-04 14:45:30.880;5
294;762;Sora;15762;15;1;2020-06-04 14:45:30.880;2020-06-04 14:45:30.880;5
295;763;Sotaquira;15763;15;1;2020-06-04 14:45:30.880;2020-06-04 14:45:30.880;5
296;764;Soraca;15764;15;1;2020-06-04 14:45:30.880;2020-06-04 14:45:30.880;5
297;774;Susacon;15774;15;1;2020-06-04 14:45:30.880;2020-06-04 14:45:30.880;5
298;776;Sutamarchan;15776;15;1;2020-06-04 14:45:30.880;2020-06-04 14:45:30.880;5
299;778;Sutatenza;15778;15;1;2020-06-04 14:45:30.880;2020-06-04 14:45:30.880;5
300;790;Tasco;15790;15;1;2020-06-04 14:45:30.880;2020-06-04 14:45:30.880;5
301;798;Tenza;15798;15;1;2020-06-04 14:45:30.880;2020-06-04 14:45:30.880;5
302;804;Tibana;15804;15;1;2020-06-04 14:45:30.880;2020-06-04 14:45:30.880;5
303;806;Tibasosa;15806;15;1;2020-06-04 14:45:30.880;2020-06-04 14:45:30.880;5
304;808;Tinjaca;15808;15;1;2020-06-04 14:45:30.880;2020-06-04 14:45:30.880;5
305;810;Tipacoque;15810;15;1;2020-06-04 14:45:30.880;2020-06-04 14:45:30.880;5
306;814;Toca;15814;15;1;2020-06-04 14:45:30.880;2020-06-04 14:45:30.880;5
307;816;Togüi;15816;15;1;2020-06-04 14:45:30.880;2020-06-04 14:45:30.880;5
308;820;Topaga;15820;15;1;2020-06-04 14:45:30.880;2020-06-04 14:45:30.880;5
309;822;Tota;15822;15;1;2020-06-04 14:45:30.880;2020-06-04 14:45:30.880;5
310;832;Tunungua;15832;15;1;2020-06-04 14:45:30.880;2020-06-04 14:45:30.880;5
311;835;Turmeque;15835;15;1;2020-06-04 14:45:30.880;2020-06-04 14:45:30.880;5
312;837;Tuta;15837;15;1;2020-06-04 14:45:30.880;2020-06-04 14:45:30.880;5
313;839;Tutaza;15839;15;1;2020-06-04 14:45:30.880;2020-06-04 14:45:30.880;5
314;842;Umbita;15842;15;1;2020-06-04 14:45:30.880;2020-06-04 14:45:30.880;5
315;861;Ventaquemada;15861;15;1;2020-06-04 14:45:30.880;2020-06-04 14:45:30.880;5
316;879;Viracacha;15879;15;1;2020-06-04 14:45:30.880;2020-06-04 14:45:30.880;5
317;897;Zetaquira;15897;15;1;2020-06-04 14:45:30.880;2020-06-04 14:45:30.880;5
318;001;Manizales;17001;17;1;2020-06-04 14:45:30.880;2020-06-04 14:45:30.880;6
319;013;Aguadas;17013;17;1;2020-06-04 14:45:30.880;2020-06-04 14:45:30.880;6
320;042;Anserma;17042;17;1;2020-06-04 14:45:30.880;2020-06-04 14:45:30.880;6
321;050;Aranzazu;17050;17;1;2020-06-04 14:45:30.880;2020-06-04 14:45:30.880;6
322;088;Belalcazar;17088;17;1;2020-06-04 14:45:30.880;2020-06-04 14:45:30.880;6
323;174;Chinchina;17174;17;1;2020-06-04 14:45:30.880;2020-06-04 14:45:30.880;6
324;272;Filadelfia;17272;17;1;2020-06-04 14:45:30.880;2020-06-04 14:45:30.880;6
325;380;La Dorada;17380;17;1;2020-06-04 14:45:30.880;2020-06-04 14:45:30.880;6
326;388;La Merced;17388;17;1;2020-06-04 14:45:30.880;2020-06-04 14:45:30.880;6
327;433;Manzanares;17433;17;1;2020-06-04 14:45:30.880;2020-06-04 14:45:30.880;6
328;442;Marmato;17442;17;1;2020-06-04 14:45:30.880;2020-06-04 14:45:30.880;6
329;444;Marquetalia;17444;17;1;2020-06-04 14:45:30.880;2020-06-04 14:45:30.880;6
330;446;Marulanda;17446;17;1;2020-06-04 14:45:30.880;2020-06-04 14:45:30.880;6
331;486;Neira;17486;17;1;2020-06-04 14:45:30.880;2020-06-04 14:45:30.880;6
332;495;Norcasia;17495;17;1;2020-06-04 14:45:30.880;2020-06-04 14:45:30.880;6
333;513;Pacora;17513;17;1;2020-06-04 14:45:30.880;2020-06-04 14:45:30.880;6
334;524;Palestina;17524;17;1;2020-06-04 14:45:30.880;2020-06-04 14:45:30.880;6
335;541;Pensilvania;17541;17;1;2020-06-04 14:45:30.880;2020-06-04 14:45:30.880;6
336;614;Riosucio;17614;17;1;2020-06-04 14:45:30.880;2020-06-04 14:45:30.880;6
337;616;Risaralda;17616;17;1;2020-06-04 14:45:30.880;2020-06-04 14:45:30.880;6
338;653;Salamina;17653;17;1;2020-06-04 14:45:30.880;2020-06-04 14:45:30.880;6
339;662;Samana;17662;17;1;2020-06-04 14:45:30.880;2020-06-04 14:45:30.880;6
340;665;San Jose;17665;17;1;2020-06-04 14:45:30.880;2020-06-04 14:45:30.880;6
341;777;Supia;17777;17;1;2020-06-04 14:45:30.880;2020-06-04 14:45:30.880;6
342;867;Victoria;17867;17;1;2020-06-04 14:45:30.880;2020-06-04 14:45:30.880;6
343;873;Villamaria;17873;17;1;2020-06-04 14:45:30.880;2020-06-04 14:45:30.880;6
344;877;Viterbo;17877;17;1;2020-06-04 14:45:30.880;2020-06-04 14:45:30.880;6
345;001;Florencia;18001;18;1;2020-06-04 14:45:30.880;2020-06-04 14:45:30.880;7
346;029;Albania;18029;18;1;2020-06-04 14:45:30.880;2020-06-04 14:45:30.880;7
347;094;Belen De Los Andaquies;18094;18;1;2020-06-04 14:45:30.880;2020-06-04 14:45:30.880;7
348;150;Cartagena Del Chaira;18150;18;1;2020-06-04 14:45:30.880;2020-06-04 14:45:30.880;7
349;205;Curillo;18205;18;1;2020-06-04 14:45:30.880;2020-06-04 14:45:30.880;7
350;247;El Doncello;18247;18;1;2020-06-04 14:45:30.880;2020-06-04 14:45:30.880;7
351;256;El Paujil;18256;18;1;2020-06-04 14:45:30.880;2020-06-04 14:45:30.880;7
352;410;La Montañita;18410;18;1;2020-06-04 14:45:30.880;2020-06-04 14:45:30.880;7
353;460;Milan;18460;18;1;2020-06-04 14:45:30.880;2020-06-04 14:45:30.880;7
354;479;Morelia;18479;18;1;2020-06-04 14:45:30.880;2020-06-04 14:45:30.880;7
355;592;Puerto Rico;18592;18;1;2020-06-04 14:45:30.880;2020-06-04 14:45:30.880;7
356;610;San Jose De La Fragua;18610;18;1;2020-06-04 14:45:30.880;2020-06-04 14:45:30.880;7
357;753;San Vicente Del Caguan;18753;18;1;2020-06-04 14:45:30.880;2020-06-04 14:45:30.880;7
358;756;Solano;18756;18;1;2020-06-04 14:45:30.880;2020-06-04 14:45:30.880;7
359;785;Solita;18785;18;1;2020-06-04 14:45:30.880;2020-06-04 14:45:30.880;7
360;860;Valparaiso;18860;18;1;2020-06-04 14:45:30.880;2020-06-04 14:45:30.880;7
361;001;Popayan;19001;19;1;2020-06-04 14:45:30.880;2020-06-04 14:45:30.880;8
362;022;Almaguer;19022;19;1;2020-06-04 14:45:30.880;2020-06-04 14:45:30.880;8
363;050;Argelia;19050;19;1;2020-06-04 14:45:30.880;2020-06-04 14:45:30.880;8
364;075;Balboa;19075;19;1;2020-06-04 14:45:30.880;2020-06-04 14:45:30.880;8
365;100;Bolivar;19100;19;1;2020-06-04 14:45:30.880;2020-06-04 14:45:30.880;8
366;110;Buenos Aires;19110;19;1;2020-06-04 14:45:30.880;2020-06-04 14:45:30.880;8
367;130;Cajibio;19130;19;1;2020-06-04 14:45:30.880;2020-06-04 14:45:30.880;8
368;137;Caldono;19137;19;1;2020-06-04 14:45:30.880;2020-06-04 14:45:30.880;8
369;142;Caloto;19142;19;1;2020-06-04 14:45:30.880;2020-06-04 14:45:30.880;8
370;212;Corinto;19212;19;1;2020-06-04 14:45:30.880;2020-06-04 14:45:30.880;8
371;256;El Tambo;19256;19;1;2020-06-04 14:45:30.880;2020-06-04 14:45:30.880;8
372;290;Florencia;19290;19;1;2020-06-04 14:45:30.880;2020-06-04 14:45:30.880;8
373;318;Guapi;19318;19;1;2020-06-04 14:45:30.880;2020-06-04 14:45:30.880;8
374;355;Inza;19355;19;1;2020-06-04 14:45:30.880;2020-06-04 14:45:30.880;8
375;364;Jambalo;19364;19;1;2020-06-04 14:45:30.880;2020-06-04 14:45:30.880;8
376;392;La Sierra;19392;19;1;2020-06-04 14:45:30.880;2020-06-04 14:45:30.880;8
377;397;La Vega;19397;19;1;2020-06-04 14:45:30.880;2020-06-04 14:45:30.880;8
378;418;Lopez;19418;19;1;2020-06-04 14:45:30.880;2020-06-04 14:45:30.880;8
379;450;Mercaderes;19450;19;1;2020-06-04 14:45:30.880;2020-06-04 14:45:30.880;8
380;455;Miranda;19455;19;1;2020-06-04 14:45:30.880;2020-06-04 14:45:30.880;8
381;473;Morales;19473;19;1;2020-06-04 14:45:30.880;2020-06-04 14:45:30.880;8
382;513;Padilla;19513;19;1;2020-06-04 14:45:30.880;2020-06-04 14:45:30.880;8
383;517;Paez;19517;19;1;2020-06-04 14:45:30.880;2020-06-04 14:45:30.880;8
384;532;Patia;19532;19;1;2020-06-04 14:45:30.880;2020-06-04 14:45:30.880;8
385;533;Piamonte;19533;19;1;2020-06-04 14:45:30.880;2020-06-04 14:45:30.880;8
386;548;Piendamo;19548;19;1;2020-06-04 14:45:30.880;2020-06-04 14:45:30.880;8
387;573;Puerto Tejada;19573;19;1;2020-06-04 14:45:30.880;2020-06-04 14:45:30.880;8
388;585;Purace;19585;19;1;2020-06-04 14:45:30.880;2020-06-04 14:45:30.880;8
389;622;Rosas;19622;19;1;2020-06-04 14:45:30.880;2020-06-04 14:45:30.880;8
390;693;San Sebastian;19693;19;1;2020-06-04 14:45:30.880;2020-06-04 14:45:30.880;8
391;698;Santander De Quilichao;19698;19;1;2020-06-04 14:45:30.880;2020-06-04 14:45:30.880;8
392;701;Santa Rosa;19701;19;1;2020-06-04 14:45:30.880;2020-06-04 14:45:30.880;8
393;743;Silvia;19743;19;1;2020-06-04 14:45:30.880;2020-06-04 14:45:30.880;8
394;760;Sotara;19760;19;1;2020-06-04 14:45:30.880;2020-06-04 14:45:30.880;8
395;780;Suarez;19780;19;1;2020-06-04 14:45:30.880;2020-06-04 14:45:30.880;8
396;785;Sucre;19785;19;1;2020-06-04 14:45:30.880;2020-06-04 14:45:30.880;8
397;807;Timbio;19807;19;1;2020-06-04 14:45:30.880;2020-06-04 14:45:30.880;8
398;809;Timbiqui;19809;19;1;2020-06-04 14:45:30.880;2020-06-04 14:45:30.880;8
399;821;Toribio;19821;19;1;2020-06-04 14:45:30.880;2020-06-04 14:45:30.880;8
400;824;Totoro;19824;19;1;2020-06-04 14:45:30.880;2020-06-04 14:45:30.880;8
401;845;Villa Rica;19845;19;1;2020-06-04 14:45:30.880;2020-06-04 14:45:30.880;8
402;001;Valledupar;20001;20;1;2020-06-04 14:45:30.880;2020-06-04 14:45:30.880;9
403;011;Aguachica;20011;20;1;2020-06-04 14:45:30.880;2020-06-04 14:45:30.880;9
404;013;Agustin Codazzi;20013;20;1;2020-06-04 14:45:30.880;2020-06-04 14:45:30.880;9
405;032;Astrea;20032;20;1;2020-06-04 14:45:30.880;2020-06-04 14:45:30.880;9
406;045;Becerril;20045;20;1;2020-06-04 14:45:30.880;2020-06-04 14:45:30.880;9
407;060;Bosconia;20060;20;1;2020-06-04 14:45:30.880;2020-06-04 14:45:30.880;9
408;175;Chimichagua;20175;20;1;2020-06-04 14:45:30.880;2020-06-04 14:45:30.880;9
409;178;Chiriguana;20178;20;1;2020-06-04 14:45:30.880;2020-06-04 14:45:30.880;9
410;228;Curumani;20228;20;1;2020-06-04 14:45:30.880;2020-06-04 14:45:30.880;9
411;238;El Copey;20238;20;1;2020-06-04 14:45:30.880;2020-06-04 14:45:30.880;9
412;250;El Paso;20250;20;1;2020-06-04 14:45:30.880;2020-06-04 14:45:30.880;9
413;295;Gamarra;20295;20;1;2020-06-04 14:45:30.880;2020-06-04 14:45:30.880;9
414;310;Gonzalez;20310;20;1;2020-06-04 14:45:30.880;2020-06-04 14:45:30.880;9
415;383;La Gloria;20383;20;1;2020-06-04 14:45:30.880;2020-06-04 14:45:30.880;9
416;400;La Jagua De Ibirico;20400;20;1;2020-06-04 14:45:30.880;2020-06-04 14:45:30.880;9
417;443;Manaure;20443;20;1;2020-06-04 14:45:30.880;2020-06-04 14:45:30.880;9
418;517;Pailitas;20517;20;1;2020-06-04 14:45:30.880;2020-06-04 14:45:30.880;9
419;550;Pelaya;20550;20;1;2020-06-04 14:45:30.880;2020-06-04 14:45:30.880;9
420;570;Pueblo Bello;20570;20;1;2020-06-04 14:45:30.880;2020-06-04 14:45:30.880;9
421;614;Rio De Oro;20614;20;1;2020-06-04 14:45:30.880;2020-06-04 14:45:30.880;9
422;621;La Paz;20621;20;1;2020-06-04 14:45:30.880;2020-06-04 14:45:30.880;9
423;710;San Alberto;20710;20;1;2020-06-04 14:45:30.880;2020-06-04 14:45:30.880;9
424;750;San Diego;20750;20;1;2020-06-04 14:45:30.880;2020-06-04 14:45:30.880;9
425;770;San Martin;20770;20;1;2020-06-04 14:45:30.880;2020-06-04 14:45:30.880;9
426;787;Tamalameque;20787;20;1;2020-06-04 14:45:30.880;2020-06-04 14:45:30.880;9
427;001;Monteria;23001;23;1;2020-06-04 14:45:30.880;2020-06-04 14:45:30.880;10
428;068;Ayapel;23068;23;1;2020-06-04 14:45:30.880;2020-06-04 14:45:30.880;10
429;079;Buenavista;23079;23;1;2020-06-04 14:45:30.880;2020-06-04 14:45:30.880;10
430;090;Canalete;23090;23;1;2020-06-04 14:45:30.880;2020-06-04 14:45:30.880;10
431;162;Cerete;23162;23;1;2020-06-04 14:45:30.880;2020-06-04 14:45:30.880;10
432;168;Chima;23168;23;1;2020-06-04 14:45:30.880;2020-06-04 14:45:30.880;10
433;182;Chinu;23182;23;1;2020-06-04 14:45:30.880;2020-06-04 14:45:30.880;10
434;189;Cienaga De Oro;23189;23;1;2020-06-04 14:45:30.880;2020-06-04 14:45:30.880;10
435;300;Cotorra;23300;23;1;2020-06-04 14:45:30.880;2020-06-04 14:45:30.880;10
436;350;La Apartada;23350;23;1;2020-06-04 14:45:30.880;2020-06-04 14:45:30.880;10
437;417;Lorica;23417;23;1;2020-06-04 14:45:30.880;2020-06-04 14:45:30.880;10
438;419;Los Cordobas;23419;23;1;2020-06-04 14:45:30.880;2020-06-04 14:45:30.880;10
439;464;Momil;23464;23;1;2020-06-04 14:45:30.880;2020-06-04 14:45:30.880;10
440;466;Montelibano;23466;23;1;2020-06-04 14:45:30.880;2020-06-04 14:45:30.880;10
441;500;Moñitos;23500;23;1;2020-06-04 14:45:30.880;2020-06-04 14:45:30.880;10
442;555;Planeta Rica;23555;23;1;2020-06-04 14:45:30.880;2020-06-04 14:45:30.880;10
443;570;Pueblo Nuevo;23570;23;1;2020-06-04 14:45:30.880;2020-06-04 14:45:30.880;10
444;574;Puerto Escondido;23574;23;1;2020-06-04 14:45:30.880;2020-06-04 14:45:30.880;10
445;580;Puerto Libertador;23580;23;1;2020-06-04 14:45:30.880;2020-06-04 14:45:30.880;10
446;586;Purisima;23586;23;1;2020-06-04 14:45:30.880;2020-06-04 14:45:30.880;10
447;660;Sahagun;23660;23;1;2020-06-04 14:45:30.880;2020-06-04 14:45:30.880;10
448;670;San Andres De Sotavento;23670;23;1;2020-06-04 14:45:30.880;2020-06-04 14:45:30.880;10
449;672;San Antero;23672;23;1;2020-06-04 14:45:30.880;2020-06-04 14:45:30.880;10
450;675;San Bernardo Del Viento;23675;23;1;2020-06-04 14:45:30.880;2020-06-04 14:45:30.880;10
451;678;San Carlos;23678;23;1;2020-06-04 14:45:30.880;2020-06-04 14:45:30.880;10
452;686;San Pelayo;23686;23;1;2020-06-04 14:45:30.880;2020-06-04 14:45:30.880;10
453;807;Tierralta;23807;23;1;2020-06-04 14:45:30.880;2020-06-04 14:45:30.880;10
454;855;Valencia;23855;23;1;2020-06-04 14:45:30.880;2020-06-04 14:45:30.880;10
455;001;Agua De Dios;25001;25;1;2020-06-04 14:45:30.880;2020-06-04 14:45:30.880;11
456;019;Alban;25019;25;1;2020-06-04 14:45:30.880;2020-06-04 14:45:30.880;11
457;035;Anapoima;25035;25;1;2020-06-04 14:45:30.880;2020-06-04 14:45:30.880;11
458;040;Anolaima;25040;25;1;2020-06-04 14:45:30.880;2020-06-04 14:45:30.880;11
459;053;Arbelaez;25053;25;1;2020-06-04 14:45:30.880;2020-06-04 14:45:30.880;11
460;086;Beltran;25086;25;1;2020-06-04 14:45:30.880;2020-06-04 14:45:30.880;11
461;095;Bituima;25095;25;1;2020-06-04 14:45:30.880;2020-06-04 14:45:30.880;11
462;099;Bojaca;25099;25;1;2020-06-04 14:45:30.880;2020-06-04 14:45:30.880;11
463;120;Cabrera;25120;25;1;2020-06-04 14:45:30.880;2020-06-04 14:45:30.880;11
464;123;Cachipay;25123;25;1;2020-06-04 14:45:30.880;2020-06-04 14:45:30.880;11
465;126;Cajica;25126;25;1;2020-06-04 14:45:30.880;2020-06-04 14:45:30.880;11
466;148;Caparrapi;25148;25;1;2020-06-04 14:45:30.880;2020-06-04 14:45:30.880;11
467;151;Caqueza;25151;25;1;2020-06-04 14:45:30.880;2020-06-04 14:45:30.880;11
468;154;Carmen De Carupa;25154;25;1;2020-06-04 14:45:30.880;2020-06-04 14:45:30.880;11
469;168;Chaguani;25168;25;1;2020-06-04 14:45:30.880;2020-06-04 14:45:30.880;11
470;175;Chia;25175;25;1;2020-06-04 14:45:30.880;2020-06-04 14:45:30.880;11
471;178;Chipaque;25178;25;1;2020-06-04 14:45:30.880;2020-06-04 14:45:30.880;11
472;181;Choachi;25181;25;1;2020-06-04 14:45:30.880;2020-06-04 14:45:30.880;11
473;183;Choconta;25183;25;1;2020-06-04 14:45:30.880;2020-06-04 14:45:30.880;11
474;200;Cogua;25200;25;1;2020-06-04 14:45:30.880;2020-06-04 14:45:30.880;11
475;214;Cota;25214;25;1;2020-06-04 14:45:30.880;2020-06-04 14:45:30.880;11
476;224;Cucunuba;25224;25;1;2020-06-04 14:45:30.880;2020-06-04 14:45:30.880;11
477;245;El Colegio;25245;25;1;2020-06-04 14:45:30.880;2020-06-04 14:45:30.880;11
478;258;El Peñon;25258;25;1;2020-06-04 14:45:30.880;2020-06-04 14:45:30.880;11
479;260;El Rosal;25260;25;1;2020-06-04 14:45:30.880;2020-06-04 14:45:30.880;11
480;269;Facatativa;25269;25;1;2020-06-04 14:45:30.880;2020-06-04 14:45:30.880;11
481;279;Fomeque;25279;25;1;2020-06-04 14:45:30.880;2020-06-04 14:45:30.880;11
482;281;Fosca;25281;25;1;2020-06-04 14:45:30.880;2020-06-04 14:45:30.880;11
483;286;Funza;25286;25;1;2020-06-04 14:45:30.880;2020-06-04 14:45:30.880;11
484;288;Fuquene;25288;25;1;2020-06-04 14:45:30.880;2020-06-04 14:45:30.880;11
485;290;Fusagasuga;25290;25;1;2020-06-04 14:45:30.880;2020-06-04 14:45:30.880;11
486;293;Gachala;25293;25;1;2020-06-04 14:45:30.880;2020-06-04 14:45:30.880;11
487;295;Gachancipa;25295;25;1;2020-06-04 14:45:30.880;2020-06-04 14:45:30.880;11
488;297;Gacheta;25297;25;1;2020-06-04 14:45:30.880;2020-06-04 14:45:30.880;11
489;299;Gama;25299;25;1;2020-06-04 14:45:30.880;2020-06-04 14:45:30.880;11
490;307;Girardot;25307;25;1;2020-06-04 14:45:30.880;2020-06-04 14:45:30.880;11
491;312;Granada;25312;25;1;2020-06-04 14:45:30.880;2020-06-04 14:45:30.880;11
492;317;Guacheta;25317;25;1;2020-06-04 14:45:30.880;2020-06-04 14:45:30.880;11
493;320;Guaduas;25320;25;1;2020-06-04 14:45:30.880;2020-06-04 14:45:30.880;11
494;322;Guasca;25322;25;1;2020-06-04 14:45:30.880;2020-06-04 14:45:30.880;11
495;324;Guataqui;25324;25;1;2020-06-04 14:45:30.880;2020-06-04 14:45:30.880;11
496;326;Guatavita;25326;25;1;2020-06-04 14:45:30.880;2020-06-04 14:45:30.880;11
497;328;Guayabal De Siquima;25328;25;1;2020-06-04 14:45:30.880;2020-06-04 14:45:30.880;11
498;335;Guayabetal;25335;25;1;2020-06-04 14:45:30.880;2020-06-04 14:45:30.880;11
499;339;Gutierrez;25339;25;1;2020-06-04 14:45:30.880;2020-06-04 14:45:30.880;11
500;368;Jerusalen;25368;25;1;2020-06-04 14:45:30.880;2020-06-04 14:45:30.880;11
501;372;Junin;25372;25;1;2020-06-04 14:45:30.880;2020-06-04 14:45:30.880;11
502;377;La Calera;25377;25;1;2020-06-04 14:45:30.880;2020-06-04 14:45:30.880;11
503;386;La Mesa;25386;25;1;2020-06-04 14:45:30.880;2020-06-04 14:45:30.880;11
504;394;La Palma;25394;25;1;2020-06-04 14:45:30.880;2020-06-04 14:45:30.880;11
505;398;La Peña;25398;25;1;2020-06-04 14:45:30.880;2020-06-04 14:45:30.880;11
506;402;La Vega;25402;25;1;2020-06-04 14:45:30.880;2020-06-04 14:45:30.880;11
507;407;Lenguazaque;25407;25;1;2020-06-04 14:45:30.880;2020-06-04 14:45:30.880;11
508;426;Macheta;25426;25;1;2020-06-04 14:45:30.880;2020-06-04 14:45:30.880;11
509;430;Madrid;25430;25;1;2020-06-04 14:45:30.880;2020-06-04 14:45:30.880;11
510;436;Manta;25436;25;1;2020-06-04 14:45:30.880;2020-06-04 14:45:30.880;11
511;438;Medina;25438;25;1;2020-06-04 14:45:30.880;2020-06-04 14:45:30.880;11
512;473;Mosquera;25473;25;1;2020-06-04 14:45:30.880;2020-06-04 14:45:30.880;11
513;483;Nariño;25483;25;1;2020-06-04 14:45:30.880;2020-06-04 14:45:30.880;11
514;486;Nemocon;25486;25;1;2020-06-04 14:45:30.880;2020-06-04 14:45:30.880;11
515;488;Nilo;25488;25;1;2020-06-04 14:45:30.880;2020-06-04 14:45:30.880;11
516;489;Nimaima;25489;25;1;2020-06-04 14:45:30.880;2020-06-04 14:45:30.880;11
517;491;Nocaima;25491;25;1;2020-06-04 14:45:30.880;2020-06-04 14:45:30.880;11
518;506;Venecia;25506;25;1;2020-06-04 14:45:30.880;2020-06-04 14:45:30.880;11
519;513;Pacho;25513;25;1;2020-06-04 14:45:30.880;2020-06-04 14:45:30.880;11
520;518;Paime;25518;25;1;2020-06-04 14:45:30.880;2020-06-04 14:45:30.880;11
521;524;Pandi;25524;25;1;2020-06-04 14:45:30.880;2020-06-04 14:45:30.880;11
522;530;Paratebueno;25530;25;1;2020-06-04 14:45:30.880;2020-06-04 14:45:30.880;11
523;535;Pasca;25535;25;1;2020-06-04 14:45:30.880;2020-06-04 14:45:30.880;11
524;572;Puerto Salgar;25572;25;1;2020-06-04 14:45:30.880;2020-06-04 14:45:30.880;11
525;580;Puli;25580;25;1;2020-06-04 14:45:30.880;2020-06-04 14:45:30.880;11
526;592;Quebradanegra;25592;25;1;2020-06-04 14:45:30.880;2020-06-04 14:45:30.880;11
527;594;Quetame;25594;25;1;2020-06-04 14:45:30.880;2020-06-04 14:45:30.880;11
528;596;Quipile;25596;25;1;2020-06-04 14:45:30.880;2020-06-04 14:45:30.880;11
529;599;Apulo;25599;25;1;2020-06-04 14:45:30.880;2020-06-04 14:45:30.880;11
530;612;Ricaurte;25612;25;1;2020-06-04 14:45:30.880;2020-06-04 14:45:30.880;11
531;645;San Antonio;25645;25;1;2020-06-04 14:45:30.880;2020-06-04 14:45:30.880;11
532;649;San Bernardo;25649;25;1;2020-06-04 14:45:30.880;2020-06-04 14:45:30.880;11
533;653;San Cayetano;25653;25;1;2020-06-04 14:45:30.880;2020-06-04 14:45:30.880;11
534;658;San Francisco;25658;25;1;2020-06-04 14:45:30.880;2020-06-04 14:45:30.880;11
535;662;San Juan De Rio Seco;25662;25;1;2020-06-04 14:45:30.880;2020-06-04 14:45:30.880;11
536;718;Sasaima;25718;25;1;2020-06-04 14:45:30.880;2020-06-04 14:45:30.880;11
537;736;Sesquile;25736;25;1;2020-06-04 14:45:30.880;2020-06-04 14:45:30.880;11
538;740;Sibate;25740;25;1;2020-06-04 14:45:30.880;2020-06-04 14:45:30.880;11
539;743;Silvania;25743;25;1;2020-06-04 14:45:30.880;2020-06-04 14:45:30.880;11
540;745;Simijaca;25745;25;1;2020-06-04 14:45:30.880;2020-06-04 14:45:30.880;11
541;754;Soacha;25754;25;1;2020-06-04 14:45:30.880;2020-06-04 14:45:30.880;11
542;758;Sopo;25758;25;1;2020-06-04 14:45:30.880;2020-06-04 14:45:30.880;11
543;769;Subachoque;25769;25;1;2020-06-04 14:45:30.880;2020-06-04 14:45:30.880;11
544;772;Suesca;25772;25;1;2020-06-04 14:45:30.880;2020-06-04 14:45:30.880;11
545;777;Supata;25777;25;1;2020-06-04 14:45:30.880;2020-06-04 14:45:30.880;11
546;779;Susa;25779;25;1;2020-06-04 14:45:30.880;2020-06-04 14:45:30.880;11
547;781;Sutatausa;25781;25;1;2020-06-04 14:45:30.880;2020-06-04 14:45:30.880;11
548;785;Tabio;25785;25;1;2020-06-04 14:45:30.880;2020-06-04 14:45:30.880;11
549;793;Tausa;25793;25;1;2020-06-04 14:45:30.880;2020-06-04 14:45:30.880;11
550;797;Tena;25797;25;1;2020-06-04 14:45:30.880;2020-06-04 14:45:30.880;11
551;799;Tenjo;25799;25;1;2020-06-04 14:45:30.880;2020-06-04 14:45:30.880;11
552;805;Tibacuy;25805;25;1;2020-06-04 14:45:30.880;2020-06-04 14:45:30.880;11
553;807;Tibirita;25807;25;1;2020-06-04 14:45:30.880;2020-06-04 14:45:30.880;11
554;815;Tocaima;25815;25;1;2020-06-04 14:45:30.880;2020-06-04 14:45:30.880;11
555;817;Tocancipa;25817;25;1;2020-06-04 14:45:30.880;2020-06-04 14:45:30.880;11
556;823;Topaipi;25823;25;1;2020-06-04 14:45:30.880;2020-06-04 14:45:30.880;11
557;839;Ubala;25839;25;1;2020-06-04 14:45:30.880;2020-06-04 14:45:30.880;11
558;841;Ubaque;25841;25;1;2020-06-04 14:45:30.880;2020-06-04 14:45:30.880;11
559;843;Villa De San Diego De Ubate;25843;25;1;2020-06-04 14:45:30.880;2020-06-04 14:45:30.880;11
560;845;Une;25845;25;1;2020-06-04 14:45:30.880;2020-06-04 14:45:30.880;11
561;851;Utica;25851;25;1;2020-06-04 14:45:30.880;2020-06-04 14:45:30.880;11
562;862;Vergara;25862;25;1;2020-06-04 14:45:30.880;2020-06-04 14:45:30.880;11
563;867;Viani;25867;25;1;2020-06-04 14:45:30.880;2020-06-04 14:45:30.880;11
564;871;Villagomez;25871;25;1;2020-06-04 14:45:30.880;2020-06-04 14:45:30.880;11
565;873;Villapinzon;25873;25;1;2020-06-04 14:45:30.880;2020-06-04 14:45:30.880;11
566;875;Villeta;25875;25;1;2020-06-04 14:45:30.880;2020-06-04 14:45:30.880;11
567;878;Viota;25878;25;1;2020-06-04 14:45:30.880;2020-06-04 14:45:30.880;11
568;885;Yacopi;25885;25;1;2020-06-04 14:45:30.880;2020-06-04 14:45:30.880;11
569;898;Zipacon;25898;25;1;2020-06-04 14:45:30.880;2020-06-04 14:45:30.880;11
570;899;Zipaquira;25899;25;1;2020-06-04 14:45:30.880;2020-06-04 14:45:30.880;11
571;001;Quibdo;27001;27;1;2020-06-04 14:45:30.880;2020-06-04 14:45:30.880;12
572;006;Acandi;27006;27;1;2020-06-04 14:45:30.880;2020-06-04 14:45:30.880;12
573;025;Alto Baudo;27025;27;1;2020-06-04 14:45:30.880;2020-06-04 14:45:30.880;12
574;050;Atrato;27050;27;1;2020-06-04 14:45:30.880;2020-06-04 14:45:30.880;12
575;073;Bagado;27073;27;1;2020-06-04 14:45:30.880;2020-06-04 14:45:30.880;12
576;075;Bahia Solano;27075;27;1;2020-06-04 14:45:30.880;2020-06-04 14:45:30.880;12
577;077;Bajo Baudo;27077;27;1;2020-06-04 14:45:30.880;2020-06-04 14:45:30.880;12
578;086;Belen De Bajira;27086;27;1;2020-06-04 14:45:30.880;2020-06-04 14:45:30.880;12
579;099;Bojaya;27099;27;1;2020-06-04 14:45:30.880;2020-06-04 14:45:30.880;12
580;135;El Canton Del San Pablo;27135;27;1;2020-06-04 14:45:30.880;2020-06-04 14:45:30.880;12
581;150;Carmen Del Darien;27150;27;1;2020-06-04 14:45:30.880;2020-06-04 14:45:30.880;12
582;160;Certegui;27160;27;1;2020-06-04 14:45:30.880;2020-06-04 14:45:30.880;12
583;205;Condoto;27205;27;1;2020-06-04 14:45:30.880;2020-06-04 14:45:30.880;12
584;245;El Carmen De Atrato;27245;27;1;2020-06-04 14:45:30.880;2020-06-04 14:45:30.880;12
585;250;El Litoral Del San Juan;27250;27;1;2020-06-04 14:45:30.880;2020-06-04 14:45:30.880;12
586;361;Istmina;27361;27;1;2020-06-04 14:45:30.880;2020-06-04 14:45:30.880;12
587;372;Jurado;27372;27;1;2020-06-04 14:45:30.880;2020-06-04 14:45:30.880;12
588;413;Lloro;27413;27;1;2020-06-04 14:45:30.880;2020-06-04 14:45:30.880;12
589;425;Medio Atrato;27425;27;1;2020-06-04 14:45:30.880;2020-06-04 14:45:30.880;12
590;430;Medio Baudo;27430;27;1;2020-06-04 14:45:30.880;2020-06-04 14:45:30.880;12
591;450;Medio San Juan;27450;27;1;2020-06-04 14:45:30.880;2020-06-04 14:45:30.880;12
592;491;Novita;27491;27;1;2020-06-04 14:45:30.880;2020-06-04 14:45:30.880;12
593;495;Nuqui;27495;27;1;2020-06-04 14:45:30.880;2020-06-04 14:45:30.880;12
594;580;Rio Iro;27580;27;1;2020-06-04 14:45:30.880;2020-06-04 14:45:30.880;12
595;600;Rio Quito;27600;27;1;2020-06-04 14:45:30.880;2020-06-04 14:45:30.880;12
596;615;Riosucio;27615;27;1;2020-06-04 14:45:30.880;2020-06-04 14:45:30.880;12
597;660;San Jose Del Palmar;27660;27;1;2020-06-04 14:45:30.880;2020-06-04 14:45:30.880;12
598;745;Sipi;27745;27;1;2020-06-04 14:45:30.880;2020-06-04 14:45:30.880;12
599;787;Tado;27787;27;1;2020-06-04 14:45:30.880;2020-06-04 14:45:30.880;12
600;800;Unguia;27800;27;1;2020-06-04 14:45:30.880;2020-06-04 14:45:30.880;12
601;810;Union Panamericana;27810;27;1;2020-06-04 14:45:30.880;2020-06-04 14:45:30.880;12
602;001;Neiva;41001;41;1;2020-06-04 14:45:30.880;2020-06-04 14:45:30.880;13
603;006;Acevedo;41006;41;1;2020-06-04 14:45:30.880;2020-06-04 14:45:30.880;13
604;013;Agrado;41013;41;1;2020-06-04 14:45:30.880;2020-06-04 14:45:30.880;13
605;016;Aipe;41016;41;1;2020-06-04 14:45:30.880;2020-06-04 14:45:30.880;13
606;020;Algeciras;41020;41;1;2020-06-04 14:45:30.880;2020-06-04 14:45:30.880;13
607;026;Altamira;41026;41;1;2020-06-04 14:45:30.880;2020-06-04 14:45:30.880;13
608;078;Baraya;41078;41;1;2020-06-04 14:45:30.880;2020-06-04 14:45:30.880;13
609;132;Campoalegre;41132;41;1;2020-06-04 14:45:30.880;2020-06-04 14:45:30.880;13
610;206;Colombia;41206;41;1;2020-06-04 14:45:30.880;2020-06-04 14:45:30.880;13
611;244;Elias;41244;41;1;2020-06-04 14:45:30.880;2020-06-04 14:45:30.880;13
612;298;Garzon;41298;41;1;2020-06-04 14:45:30.880;2020-06-04 14:45:30.880;13
613;306;Gigante;41306;41;1;2020-06-04 14:45:30.880;2020-06-04 14:45:30.880;13
614;319;Guadalupe;41319;41;1;2020-06-04 14:45:30.880;2020-06-04 14:45:30.880;13
615;349;Hobo;41349;41;1;2020-06-04 14:45:30.880;2020-06-04 14:45:30.880;13
616;357;Iquira;41357;41;1;2020-06-04 14:45:30.880;2020-06-04 14:45:30.880;13
617;359;Isnos;41359;41;1;2020-06-04 14:45:30.880;2020-06-04 14:45:30.880;13
618;378;La Argentina;41378;41;1;2020-06-04 14:45:30.880;2020-06-04 14:45:30.880;13
619;396;La Plata;41396;41;1;2020-06-04 14:45:30.880;2020-06-04 14:45:30.880;13
620;483;Nataga;41483;41;1;2020-06-04 14:45:30.880;2020-06-04 14:45:30.880;13
621;503;Oporapa;41503;41;1;2020-06-04 14:45:30.880;2020-06-04 14:45:30.880;13
622;518;Paicol;41518;41;1;2020-06-04 14:45:30.880;2020-06-04 14:45:30.880;13
623;524;Palermo;41524;41;1;2020-06-04 14:45:30.880;2020-06-04 14:45:30.880;13
624;530;Palestina;41530;41;1;2020-06-04 14:45:30.880;2020-06-04 14:45:30.880;13
625;548;Pital;41548;41;1;2020-06-04 14:45:30.880;2020-06-04 14:45:30.880;13
626;551;Pitalito;41551;41;1;2020-06-04 14:45:30.880;2020-06-04 14:45:30.880;13
627;615;Rivera;41615;41;1;2020-06-04 14:45:30.880;2020-06-04 14:45:30.880;13
628;660;Saladoblanco;41660;41;1;2020-06-04 14:45:30.880;2020-06-04 14:45:30.880;13
629;668;San Agustin;41668;41;1;2020-06-04 14:45:30.880;2020-06-04 14:45:30.880;13
630;676;Santa Maria;41676;41;1;2020-06-04 14:45:30.880;2020-06-04 14:45:30.880;13
631;770;Suaza;41770;41;1;2020-06-04 14:45:30.880;2020-06-04 14:45:30.880;13
632;791;Tarqui;41791;41;1;2020-06-04 14:45:30.880;2020-06-04 14:45:30.880;13
633;797;Tesalia;41797;41;1;2020-06-04 14:45:30.880;2020-06-04 14:45:30.880;13
634;799;Tello;41799;41;1;2020-06-04 14:45:30.880;2020-06-04 14:45:30.880;13
635;801;Teruel;41801;41;1;2020-06-04 14:45:30.880;2020-06-04 14:45:30.880;13
636;807;Timana;41807;41;1;2020-06-04 14:45:30.880;2020-06-04 14:45:30.880;13
637;872;Villavieja;41872;41;1;2020-06-04 14:45:30.880;2020-06-04 14:45:30.880;13
638;885;Yaguara;41885;41;1;2020-06-04 14:45:30.880;2020-06-04 14:45:30.880;13
639;001;Riohacha;44001;44;1;2020-06-04 14:45:30.880;2020-06-04 14:45:30.880;14
640;035;Albania;44035;44;1;2020-06-04 14:45:30.880;2020-06-04 14:45:30.880;14
641;078;Barrancas;44078;44;1;2020-06-04 14:45:30.880;2020-06-04 14:45:30.880;14
642;090;Dibulla;44090;44;1;2020-06-04 14:45:30.880;2020-06-04 14:45:30.880;14
643;098;Distraccion;44098;44;1;2020-06-04 14:45:30.880;2020-06-04 14:45:30.880;14
644;110;El Molino;44110;44;1;2020-06-04 14:45:30.880;2020-06-04 14:45:30.880;14
645;279;Fonseca;44279;44;1;2020-06-04 14:45:30.880;2020-06-04 14:45:30.880;14
646;378;Hatonuevo;44378;44;1;2020-06-04 14:45:30.880;2020-06-04 14:45:30.880;14
647;420;La Jagua Del Pilar;44420;44;1;2020-06-04 14:45:30.880;2020-06-04 14:45:30.880;14
648;430;Maicao;44430;44;1;2020-06-04 14:45:30.880;2020-06-04 14:45:30.880;14
649;560;Manaure;44560;44;1;2020-06-04 14:45:30.880;2020-06-04 14:45:30.880;14
650;650;San Juan Del Cesar;44650;44;1;2020-06-04 14:45:30.880;2020-06-04 14:45:30.880;14
651;847;Uribia;44847;44;1;2020-06-04 14:45:30.880;2020-06-04 14:45:30.880;14
652;855;Urumita;44855;44;1;2020-06-04 14:45:30.880;2020-06-04 14:45:30.880;14
653;874;Villanueva;44874;44;1;2020-06-04 14:45:30.880;2020-06-04 14:45:30.880;14
654;001;Santa Marta;47001;47;1;2020-06-04 14:45:30.880;2020-06-04 14:45:30.880;15
655;030;Algarrobo;47030;47;1;2020-06-04 14:45:30.880;2020-06-04 14:45:30.880;15
656;053;Aracataca;47053;47;1;2020-06-04 14:45:30.880;2020-06-04 14:45:30.880;15
657;058;Ariguani;47058;47;1;2020-06-04 14:45:30.880;2020-06-04 14:45:30.880;15
658;161;Cerro San Antonio;47161;47;1;2020-06-04 14:45:30.880;2020-06-04 14:45:30.880;15
659;170;Chivolo;47170;47;1;2020-06-04 14:45:30.880;2020-06-04 14:45:30.880;15
660;189;Cienaga;47189;47;1;2020-06-04 14:45:30.880;2020-06-04 14:45:30.880;15
661;205;Concordia;47205;47;1;2020-06-04 14:45:30.880;2020-06-04 14:45:30.880;15
662;245;El Banco;47245;47;1;2020-06-04 14:45:30.880;2020-06-04 14:45:30.880;15
663;258;El Piñon;47258;47;1;2020-06-04 14:45:30.880;2020-06-04 14:45:30.880;15
664;268;El Reten;47268;47;1;2020-06-04 14:45:30.880;2020-06-04 14:45:30.880;15
665;288;Fundacion;47288;47;1;2020-06-04 14:45:30.880;2020-06-04 14:45:30.880;15
666;318;Guamal;47318;47;1;2020-06-04 14:45:30.880;2020-06-04 14:45:30.880;15
667;460;Nueva Granada;47460;47;1;2020-06-04 14:45:30.880;2020-06-04 14:45:30.880;15
668;541;Pedraza;47541;47;1;2020-06-04 14:45:30.880;2020-06-04 14:45:30.880;15
669;545;Pijiño Del Carmen;47545;47;1;2020-06-04 14:45:30.880;2020-06-04 14:45:30.880;15
670;551;Pivijay;47551;47;1;2020-06-04 14:45:30.880;2020-06-04 14:45:30.880;15
671;555;Plato;47555;47;1;2020-06-04 14:45:30.880;2020-06-04 14:45:30.880;15
672;570;Puebloviejo;47570;47;1;2020-06-04 14:45:30.880;2020-06-04 14:45:30.880;15
673;605;Remolino;47605;47;1;2020-06-04 14:45:30.880;2020-06-04 14:45:30.880;15
674;660;Sabanas De San Angel;47660;47;1;2020-06-04 14:45:30.880;2020-06-04 14:45:30.880;15
675;675;Salamina;47675;47;1;2020-06-04 14:45:30.880;2020-06-04 14:45:30.880;15
676;692;San Sebastian;47692;47;1;2020-06-04 14:45:30.880;2020-06-04 14:45:30.880;15
677;703;San Zenon;47703;47;1;2020-06-04 14:45:30.880;2020-06-04 14:45:30.880;15
678;707;Santa Ana;47707;47;1;2020-06-04 14:45:30.880;2020-06-04 14:45:30.880;15
679;720;Santa Barbara De Pinto;47720;47;1;2020-06-04 14:45:30.880;2020-06-04 14:45:30.880;15
680;745;Sitionuevo;47745;47;1;2020-06-04 14:45:30.880;2020-06-04 14:45:30.880;15
681;798;Tenerife;47798;47;1;2020-06-04 14:45:30.880;2020-06-04 14:45:30.880;15
682;960;Zapayan;47960;47;1;2020-06-04 14:45:30.880;2020-06-04 14:45:30.880;15
683;980;Zona Bananera;47980;47;1;2020-06-04 14:45:30.880;2020-06-04 14:45:30.880;15
684;001;Villavicencio;50001;50;1;2020-06-04 14:45:30.880;2020-06-04 14:45:30.880;16
685;006;Acacias;50006;50;1;2020-06-04 14:45:30.880;2020-06-04 14:45:30.880;16
686;110;Barranca De Upia;50110;50;1;2020-06-04 14:45:30.880;2020-06-04 14:45:30.880;16
687;124;Cabuyaro;50124;50;1;2020-06-04 14:45:30.880;2020-06-04 14:45:30.880;16
688;150;Castilla La Nueva;50150;50;1;2020-06-04 14:45:30.880;2020-06-04 14:45:30.880;16
689;223;Cubarral;50223;50;1;2020-06-04 14:45:30.880;2020-06-04 14:45:30.880;16
690;226;Cumaral;50226;50;1;2020-06-04 14:45:30.880;2020-06-04 14:45:30.880;16
691;245;El Calvario;50245;50;1;2020-06-04 14:45:30.880;2020-06-04 14:45:30.880;16
692;251;El Castillo;50251;50;1;2020-06-04 14:45:30.880;2020-06-04 14:45:30.880;16
693;270;El Dorado;50270;50;1;2020-06-04 14:45:30.880;2020-06-04 14:45:30.880;16
694;287;Fuente De Oro;50287;50;1;2020-06-04 14:45:30.880;2020-06-04 14:45:30.880;16
695;313;Granada;50313;50;1;2020-06-04 14:45:30.880;2020-06-04 14:45:30.880;16
696;318;Guamal;50318;50;1;2020-06-04 14:45:30.880;2020-06-04 14:45:30.880;16
697;325;Mapiripan;50325;50;1;2020-06-04 14:45:30.880;2020-06-04 14:45:30.880;16
698;330;Mesetas;50330;50;1;2020-06-04 14:45:30.880;2020-06-04 14:45:30.880;16
699;350;La Macarena;50350;50;1;2020-06-04 14:45:30.880;2020-06-04 14:45:30.880;16
700;370;Uribe;50370;50;1;2020-06-04 14:45:30.880;2020-06-04 14:45:30.880;16
701;400;Lejanias;50400;50;1;2020-06-04 14:45:30.880;2020-06-04 14:45:30.880;16
702;450;Puerto Concordia;50450;50;1;2020-06-04 14:45:30.880;2020-06-04 14:45:30.880;16
703;568;Puerto Gaitan;50568;50;1;2020-06-04 14:45:30.880;2020-06-04 14:45:30.880;16
704;573;Puerto Lopez;50573;50;1;2020-06-04 14:45:30.880;2020-06-04 14:45:30.880;16
705;577;Puerto Lleras;50577;50;1;2020-06-04 14:45:30.880;2020-06-04 14:45:30.880;16
706;590;Puerto Rico;50590;50;1;2020-06-04 14:45:30.880;2020-06-04 14:45:30.880;16
707;606;Restrepo;50606;50;1;2020-06-04 14:45:30.880;2020-06-04 14:45:30.880;16
708;680;San Carlos De Guaroa;50680;50;1;2020-06-04 14:45:30.880;2020-06-04 14:45:30.880;16
709;683;San Juan De Arama;50683;50;1;2020-06-04 14:45:30.880;2020-06-04 14:45:30.880;16
710;686;San Juanito;50686;50;1;2020-06-04 14:45:30.880;2020-06-04 14:45:30.880;16
711;689;San Martin;50689;50;1;2020-06-04 14:45:30.880;2020-06-04 14:45:30.880;16
712;711;Vista Hermosa;50711;50;1;2020-06-04 14:45:30.880;2020-06-04 14:45:30.880;16
713;001;Pasto;52001;52;1;2020-06-04 14:45:30.880;2020-06-04 14:45:30.880;17
714;019;Alban;52019;52;1;2020-06-04 14:45:30.880;2020-06-04 14:45:30.880;17
715;022;Aldana;52022;52;1;2020-06-04 14:45:30.880;2020-06-04 14:45:30.880;17
716;036;Ancuya;52036;52;1;2020-06-04 14:45:30.880;2020-06-04 14:45:30.880;17
717;051;Arboleda;52051;52;1;2020-06-04 14:45:30.880;2020-06-04 14:45:30.880;17
718;079;Barbacoas;52079;52;1;2020-06-04 14:45:30.880;2020-06-04 14:45:30.880;17
719;083;Belen;52083;52;1;2020-06-04 14:45:30.880;2020-06-04 14:45:30.880;17
720;110;Buesaco;52110;52;1;2020-06-04 14:45:30.880;2020-06-04 14:45:30.880;17
721;203;Colon;52203;52;1;2020-06-04 14:45:30.880;2020-06-04 14:45:30.880;17
722;207;Consaca;52207;52;1;2020-06-04 14:45:30.880;2020-06-04 14:45:30.880;17
723;210;Contadero;52210;52;1;2020-06-04 14:45:30.880;2020-06-04 14:45:30.880;17
724;215;Cordoba;52215;52;1;2020-06-04 14:45:30.880;2020-06-04 14:45:30.880;17
725;224;Cuaspud;52224;52;1;2020-06-04 14:45:30.880;2020-06-04 14:45:30.880;17
726;227;Cumbal;52227;52;1;2020-06-04 14:45:30.880;2020-06-04 14:45:30.880;17
727;233;Cumbitara;52233;52;1;2020-06-04 14:45:30.880;2020-06-04 14:45:30.880;17
728;240;Chachagüi;52240;52;1;2020-06-04 14:45:30.880;2020-06-04 14:45:30.880;17
729;250;El Charco;52250;52;1;2020-06-04 14:45:30.880;2020-06-04 14:45:30.880;17
730;254;El Peñol;52254;52;1;2020-06-04 14:45:30.880;2020-06-04 14:45:30.880;17
731;256;El Rosario;52256;52;1;2020-06-04 14:45:30.880;2020-06-04 14:45:30.880;17
732;258;El Tablon De Gomez;52258;52;1;2020-06-04 14:45:30.880;2020-06-04 14:45:30.880;17
733;260;El Tambo;52260;52;1;2020-06-04 14:45:30.880;2020-06-04 14:45:30.880;17
734;287;Funes;52287;52;1;2020-06-04 14:45:30.880;2020-06-04 14:45:30.880;17
735;317;Guachucal;52317;52;1;2020-06-04 14:45:30.880;2020-06-04 14:45:30.880;17
736;320;Guaitarilla;52320;52;1;2020-06-04 14:45:30.880;2020-06-04 14:45:30.880;17
737;323;Gualmatan;52323;52;1;2020-06-04 14:45:30.880;2020-06-04 14:45:30.880;17
738;352;Iles;52352;52;1;2020-06-04 14:45:30.880;2020-06-04 14:45:30.880;17
739;354;Imues;52354;52;1;2020-06-04 14:45:30.880;2020-06-04 14:45:30.880;17
740;356;Ipiales;52356;52;1;2020-06-04 14:45:30.880;2020-06-04 14:45:30.880;17
741;378;La Cruz;52378;52;1;2020-06-04 14:45:30.880;2020-06-04 14:45:30.880;17
742;381;La Florida;52381;52;1;2020-06-04 14:45:30.880;2020-06-04 14:45:30.880;17
743;385;La Llanada;52385;52;1;2020-06-04 14:45:30.880;2020-06-04 14:45:30.880;17
744;390;La Tola;52390;52;1;2020-06-04 14:45:30.880;2020-06-04 14:45:30.880;17
745;399;La Union;52399;52;1;2020-06-04 14:45:30.880;2020-06-04 14:45:30.880;17
746;405;Leiva;52405;52;1;2020-06-04 14:45:30.880;2020-06-04 14:45:30.880;17
747;411;Linares;52411;52;1;2020-06-04 14:45:30.880;2020-06-04 14:45:30.880;17
748;418;Los Andes;52418;52;1;2020-06-04 14:45:30.880;2020-06-04 14:45:30.880;17
749;427;Magüi;52427;52;1;2020-06-04 14:45:30.880;2020-06-04 14:45:30.880;17
750;435;Mallama;52435;52;1;2020-06-04 14:45:30.880;2020-06-04 14:45:30.880;17
751;473;Mosquera;52473;52;1;2020-06-04 14:45:30.880;2020-06-04 14:45:30.880;17
752;480;Nariño;52480;52;1;2020-06-04 14:45:30.880;2020-06-04 14:45:30.880;17
753;490;Olaya Herrera;52490;52;1;2020-06-04 14:45:30.880;2020-06-04 14:45:30.880;17
754;506;Ospina;52506;52;1;2020-06-04 14:45:30.880;2020-06-04 14:45:30.880;17
755;520;Francisco Pizarro;52520;52;1;2020-06-04 14:45:30.880;2020-06-04 14:45:30.880;17
756;540;Policarpa;52540;52;1;2020-06-04 14:45:30.880;2020-06-04 14:45:30.880;17
757;560;Potosi;52560;52;1;2020-06-04 14:45:30.880;2020-06-04 14:45:30.880;17
758;565;Providencia;52565;52;1;2020-06-04 14:45:30.880;2020-06-04 14:45:30.880;17
759;573;Puerres;52573;52;1;2020-06-04 14:45:30.880;2020-06-04 14:45:30.880;17
760;585;Pupiales;52585;52;1;2020-06-04 14:45:30.880;2020-06-04 14:45:30.880;17
761;612;Ricaurte;52612;52;1;2020-06-04 14:45:30.880;2020-06-04 14:45:30.880;17
762;621;Roberto Payan;52621;52;1;2020-06-04 14:45:30.880;2020-06-04 14:45:30.880;17
763;678;Samaniego;52678;52;1;2020-06-04 14:45:30.880;2020-06-04 14:45:30.880;17
764;683;Sandona;52683;52;1;2020-06-04 14:45:30.880;2020-06-04 14:45:30.880;17
765;685;San Bernardo;52685;52;1;2020-06-04 14:45:30.880;2020-06-04 14:45:30.880;17
766;687;San Lorenzo;52687;52;1;2020-06-04 14:45:30.880;2020-06-04 14:45:30.880;17
767;693;San Pablo;52693;52;1;2020-06-04 14:45:30.880;2020-06-04 14:45:30.880;17
768;694;San Pedro De Cartago;52694;52;1;2020-06-04 14:45:30.880;2020-06-04 14:45:30.880;17
769;696;Santa Barbara;52696;52;1;2020-06-04 14:45:30.880;2020-06-04 14:45:30.880;17
770;699;Santacruz;52699;52;1;2020-06-04 14:45:30.880;2020-06-04 14:45:30.880;17
771;720;Sapuyes;52720;52;1;2020-06-04 14:45:30.880;2020-06-04 14:45:30.880;17
772;786;Taminango;52786;52;1;2020-06-04 14:45:30.880;2020-06-04 14:45:30.880;17
773;788;Tangua;52788;52;1;2020-06-04 14:45:30.880;2020-06-04 14:45:30.880;17
774;835;Tumaco;52835;52;1;2020-06-04 14:45:30.880;2020-06-04 14:45:30.880;17
775;838;Tuquerres;52838;52;1;2020-06-04 14:45:30.880;2020-06-04 14:45:30.880;17
776;885;Yacuanquer;52885;52;1;2020-06-04 14:45:30.880;2020-06-04 14:45:30.880;17
777;001;Cucuta;54001;54;1;2020-06-04 14:45:30.880;2020-06-04 14:45:30.880;18
778;003;Abrego;54003;54;1;2020-06-04 14:45:30.880;2020-06-04 14:45:30.880;18
779;051;Arboledas;54051;54;1;2020-06-04 14:45:30.880;2020-06-04 14:45:30.880;18
780;099;Bochalema;54099;54;1;2020-06-04 14:45:30.880;2020-06-04 14:45:30.880;18
781;109;Bucarasica;54109;54;1;2020-06-04 14:45:30.880;2020-06-04 14:45:30.880;18
782;125;Cacota;54125;54;1;2020-06-04 14:45:30.880;2020-06-04 14:45:30.880;18
783;128;Cachira;54128;54;1;2020-06-04 14:45:30.880;2020-06-04 14:45:30.880;18
784;172;Chinacota;54172;54;1;2020-06-04 14:45:30.880;2020-06-04 14:45:30.880;18
785;174;Chitaga;54174;54;1;2020-06-04 14:45:30.880;2020-06-04 14:45:30.880;18
786;206;Convencion;54206;54;1;2020-06-04 14:45:30.880;2020-06-04 14:45:30.880;18
787;223;Cucutilla;54223;54;1;2020-06-04 14:45:30.880;2020-06-04 14:45:30.880;18
788;239;Durania;54239;54;1;2020-06-04 14:45:30.880;2020-06-04 14:45:30.880;18
789;245;El Carmen;54245;54;1;2020-06-04 14:45:30.880;2020-06-04 14:45:30.880;18
790;250;El Tarra;54250;54;1;2020-06-04 14:45:30.880;2020-06-04 14:45:30.880;18
791;261;El Zulia;54261;54;1;2020-06-04 14:45:30.880;2020-06-04 14:45:30.880;18
792;313;Gramalote;54313;54;1;2020-06-04 14:45:30.880;2020-06-04 14:45:30.880;18
793;344;Hacari;54344;54;1;2020-06-04 14:45:30.880;2020-06-04 14:45:30.880;18
794;347;Herran;54347;54;1;2020-06-04 14:45:30.880;2020-06-04 14:45:30.880;18
795;377;Labateca;54377;54;1;2020-06-04 14:45:30.880;2020-06-04 14:45:30.880;18
796;385;La Esperanza;54385;54;1;2020-06-04 14:45:30.880;2020-06-04 14:45:30.880;18
797;398;La Playa;54398;54;1;2020-06-04 14:45:30.880;2020-06-04 14:45:30.880;18
798;405;Los Patios;54405;54;1;2020-06-04 14:45:30.880;2020-06-04 14:45:30.880;18
799;418;Lourdes;54418;54;1;2020-06-04 14:45:30.880;2020-06-04 14:45:30.880;18
800;480;Mutiscua;54480;54;1;2020-06-04 14:45:30.880;2020-06-04 14:45:30.880;18
801;498;Ocaña;54498;54;1;2020-06-04 14:45:30.880;2020-06-04 14:45:30.880;18
802;518;Pamplona;54518;54;1;2020-06-04 14:45:30.880;2020-06-04 14:45:30.880;18
803;520;Pamplonita;54520;54;1;2020-06-04 14:45:30.880;2020-06-04 14:45:30.880;18
804;553;Puerto Santander;54553;54;1;2020-06-04 14:45:30.880;2020-06-04 14:45:30.880;18
805;599;Ragonvalia;54599;54;1;2020-06-04 14:45:30.880;2020-06-04 14:45:30.880;18
806;660;Salazar;54660;54;1;2020-06-04 14:45:30.880;2020-06-04 14:45:30.880;18
807;670;San Calixto;54670;54;1;2020-06-04 14:45:30.880;2020-06-04 14:45:30.880;18
808;673;San Cayetano;54673;54;1;2020-06-04 14:45:30.880;2020-06-04 14:45:30.880;18
809;680;Santiago;54680;54;1;2020-06-04 14:45:30.880;2020-06-04 14:45:30.880;18
810;720;Sardinata;54720;54;1;2020-06-04 14:45:30.880;2020-06-04 14:45:30.880;18
811;743;Silos;54743;54;1;2020-06-04 14:45:30.880;2020-06-04 14:45:30.880;18
812;800;Teorama;54800;54;1;2020-06-04 14:45:30.880;2020-06-04 14:45:30.880;18
813;810;Tibu;54810;54;1;2020-06-04 14:45:30.880;2020-06-04 14:45:30.880;18
814;820;Toledo;54820;54;1;2020-06-04 14:45:30.880;2020-06-04 14:45:30.880;18
815;871;Villa Caro;54871;54;1;2020-06-04 14:45:30.880;2020-06-04 14:45:30.880;18
816;874;Villa Del Rosario;54874;54;1;2020-06-04 14:45:30.880;2020-06-04 14:45:30.880;18
817;001;Armenia;63001;63;1;2020-06-04 14:45:30.880;2020-06-04 14:45:30.880;19
818;111;Buenavista;63111;63;1;2020-06-04 14:45:30.880;2020-06-04 14:45:30.880;19
819;130;Calarca;63130;63;1;2020-06-04 14:45:30.880;2020-06-04 14:45:30.880;19
820;190;Circasia;63190;63;1;2020-06-04 14:45:30.880;2020-06-04 14:45:30.880;19
821;212;Cordoba;63212;63;1;2020-06-04 14:45:30.880;2020-06-04 14:45:30.880;19
822;272;Filandia;63272;63;1;2020-06-04 14:45:30.880;2020-06-04 14:45:30.880;19
823;302;Genova;63302;63;1;2020-06-04 14:45:30.880;2020-06-04 14:45:30.880;19
824;401;La Tebaida;63401;63;1;2020-06-04 14:45:30.880;2020-06-04 14:45:30.880;19
825;470;Montenegro;63470;63;1;2020-06-04 14:45:30.880;2020-06-04 14:45:30.880;19
826;548;Pijao;63548;63;1;2020-06-04 14:45:30.880;2020-06-04 14:45:30.880;19
827;594;Quimbaya;63594;63;1;2020-06-04 14:45:30.880;2020-06-04 14:45:30.880;19
828;690;Salento;63690;63;1;2020-06-04 14:45:30.880;2020-06-04 14:45:30.880;19
829;001;Pereira;66001;66;1;2020-06-04 14:45:30.880;2020-06-04 14:45:30.880;20
830;045;Apia;66045;66;1;2020-06-04 14:45:30.880;2020-06-04 14:45:30.880;20
831;075;Balboa;66075;66;1;2020-06-04 14:45:30.880;2020-06-04 14:45:30.880;20
832;088;Belen De Umbria;66088;66;1;2020-06-04 14:45:30.880;2020-06-04 14:45:30.880;20
833;170;Dosquebradas;66170;66;1;2020-06-04 14:45:30.880;2020-06-04 14:45:30.880;20
834;318;Guatica;66318;66;1;2020-06-04 14:45:30.880;2020-06-04 14:45:30.880;20
835;383;La Celia;66383;66;1;2020-06-04 14:45:30.880;2020-06-04 14:45:30.880;20
836;400;La Virginia;66400;66;1;2020-06-04 14:45:30.880;2020-06-04 14:45:30.880;20
837;440;Marsella;66440;66;1;2020-06-04 14:45:30.880;2020-06-04 14:45:30.880;20
838;456;Mistrato;66456;66;1;2020-06-04 14:45:30.880;2020-06-04 14:45:30.880;20
839;572;Pueblo Rico;66572;66;1;2020-06-04 14:45:30.880;2020-06-04 14:45:30.880;20
840;594;Quinchia;66594;66;1;2020-06-04 14:45:30.880;2020-06-04 14:45:30.880;20
841;682;Santa Rosa De Cabal;66682;66;1;2020-06-04 14:45:30.880;2020-06-04 14:45:30.880;20
842;687;Santuario;66687;66;1;2020-06-04 14:45:30.880;2020-06-04 14:45:30.880;20
843;001;Bucaramanga;68001;68;1;2020-06-04 14:45:30.880;2020-06-04 14:45:30.880;21
844;013;Aguada;68013;68;1;2020-06-04 14:45:30.880;2020-06-04 14:45:30.880;21
845;020;Albania;68020;68;1;2020-06-04 14:45:30.880;2020-06-04 14:45:30.880;21
846;051;Aratoca;68051;68;1;2020-06-04 14:45:30.880;2020-06-04 14:45:30.880;21
847;077;Barbosa;68077;68;1;2020-06-04 14:45:30.880;2020-06-04 14:45:30.880;21
848;079;Barichara;68079;68;1;2020-06-04 14:45:30.880;2020-06-04 14:45:30.880;21
849;081;Barrancabermeja;68081;68;1;2020-06-04 14:45:30.880;2020-06-04 14:45:30.880;21
850;092;Betulia;68092;68;1;2020-06-04 14:45:30.880;2020-06-04 14:45:30.880;21
851;101;Bolivar;68101;68;1;2020-06-04 14:45:30.880;2020-06-04 14:45:30.880;21
852;121;Cabrera;68121;68;1;2020-06-04 14:45:30.880;2020-06-04 14:45:30.880;21
853;132;California;68132;68;1;2020-06-04 14:45:30.880;2020-06-04 14:45:30.880;21
854;147;Capitanejo;68147;68;1;2020-06-04 14:45:30.880;2020-06-04 14:45:30.880;21
855;152;Carcasi;68152;68;1;2020-06-04 14:45:30.880;2020-06-04 14:45:30.880;21
856;160;Cepita;68160;68;1;2020-06-04 14:45:30.880;2020-06-04 14:45:30.880;21
857;162;Cerrito;68162;68;1;2020-06-04 14:45:30.880;2020-06-04 14:45:30.880;21
858;167;Charala;68167;68;1;2020-06-04 14:45:30.880;2020-06-04 14:45:30.880;21
859;169;Charta;68169;68;1;2020-06-04 14:45:30.880;2020-06-04 14:45:30.880;21
860;176;Chima;68176;68;1;2020-06-04 14:45:30.880;2020-06-04 14:45:30.880;21
861;179;Chipata;68179;68;1;2020-06-04 14:45:30.880;2020-06-04 14:45:30.880;21
862;190;Cimitarra;68190;68;1;2020-06-04 14:45:30.880;2020-06-04 14:45:30.880;21
863;207;Concepcion;68207;68;1;2020-06-04 14:45:30.880;2020-06-04 14:45:30.880;21
864;209;Confines;68209;68;1;2020-06-04 14:45:30.880;2020-06-04 14:45:30.880;21
865;211;Contratacion;68211;68;1;2020-06-04 14:45:30.880;2020-06-04 14:45:30.880;21
866;217;Coromoro;68217;68;1;2020-06-04 14:45:30.880;2020-06-04 14:45:30.880;21
867;229;Curiti;68229;68;1;2020-06-04 14:45:30.880;2020-06-04 14:45:30.880;21
868;235;El Carmen De Chucuri;68235;68;1;2020-06-04 14:45:30.880;2020-06-04 14:45:30.880;21
869;245;El Guacamayo;68245;68;1;2020-06-04 14:45:30.880;2020-06-04 14:45:30.880;21
870;250;El Peñon;68250;68;1;2020-06-04 14:45:30.880;2020-06-04 14:45:30.880;21
871;255;El Playon;68255;68;1;2020-06-04 14:45:30.880;2020-06-04 14:45:30.880;21
872;264;Encino;68264;68;1;2020-06-04 14:45:30.880;2020-06-04 14:45:30.880;21
873;266;Enciso;68266;68;1;2020-06-04 14:45:30.880;2020-06-04 14:45:30.880;21
874;271;Florian;68271;68;1;2020-06-04 14:45:30.880;2020-06-04 14:45:30.880;21
875;276;Floridablanca;68276;68;1;2020-06-04 14:45:30.880;2020-06-04 14:45:30.880;21
876;296;Galan;68296;68;1;2020-06-04 14:45:30.880;2020-06-04 14:45:30.880;21
877;298;Gambita;68298;68;1;2020-06-04 14:45:30.880;2020-06-04 14:45:30.880;21
878;307;Giron;68307;68;1;2020-06-04 14:45:30.880;2020-06-04 14:45:30.880;21
879;318;Guaca;68318;68;1;2020-06-04 14:45:30.880;2020-06-04 14:45:30.880;21
880;320;Guadalupe;68320;68;1;2020-06-04 14:45:30.880;2020-06-04 14:45:30.880;21
881;322;Guapota;68322;68;1;2020-06-04 14:45:30.880;2020-06-04 14:45:30.880;21
882;324;Guavata;68324;68;1;2020-06-04 14:45:30.880;2020-06-04 14:45:30.880;21
883;327;Güepsa;68327;68;1;2020-06-04 14:45:30.880;2020-06-04 14:45:30.880;21
884;344;Hato;68344;68;1;2020-06-04 14:45:30.880;2020-06-04 14:45:30.880;21
885;368;Jesus Maria;68368;68;1;2020-06-04 14:45:30.880;2020-06-04 14:45:30.880;21
886;370;Jordan;68370;68;1;2020-06-04 14:45:30.880;2020-06-04 14:45:30.880;21
887;377;La Belleza;68377;68;1;2020-06-04 14:45:30.880;2020-06-04 14:45:30.880;21
888;385;Landazuri;68385;68;1;2020-06-04 14:45:30.880;2020-06-04 14:45:30.880;21
889;397;La Paz;68397;68;1;2020-06-04 14:45:30.880;2020-06-04 14:45:30.880;21
890;406;Lebrija;68406;68;1;2020-06-04 14:45:30.880;2020-06-04 14:45:30.880;21
891;418;Los Santos;68418;68;1;2020-06-04 14:45:30.880;2020-06-04 14:45:30.880;21
892;425;Macaravita;68425;68;1;2020-06-04 14:45:30.880;2020-06-04 14:45:30.880;21
893;432;Malaga;68432;68;1;2020-06-04 14:45:30.880;2020-06-04 14:45:30.880;21
894;444;Matanza;68444;68;1;2020-06-04 14:45:30.880;2020-06-04 14:45:30.880;21
895;464;Mogotes;68464;68;1;2020-06-04 14:45:30.880;2020-06-04 14:45:30.880;21
896;468;Molagavita;68468;68;1;2020-06-04 14:45:30.880;2020-06-04 14:45:30.880;21
897;498;Ocamonte;68498;68;1;2020-06-04 14:45:30.880;2020-06-04 14:45:30.880;21
898;500;Oiba;68500;68;1;2020-06-04 14:45:30.880;2020-06-04 14:45:30.880;21
899;502;Onzaga;68502;68;1;2020-06-04 14:45:30.880;2020-06-04 14:45:30.880;21
900;522;Palmar;68522;68;1;2020-06-04 14:45:30.880;2020-06-04 14:45:30.880;21
901;524;Palmas Del Socorro;68524;68;1;2020-06-04 14:45:30.880;2020-06-04 14:45:30.880;21
902;533;Paramo;68533;68;1;2020-06-04 14:45:30.880;2020-06-04 14:45:30.880;21
903;547;Piedecuesta;68547;68;1;2020-06-04 14:45:30.880;2020-06-04 14:45:30.880;21
904;549;Pinchote;68549;68;1;2020-06-04 14:45:30.880;2020-06-04 14:45:30.880;21
905;572;Puente Nacional;68572;68;1;2020-06-04 14:45:30.880;2020-06-04 14:45:30.880;21
906;573;Puerto Parra;68573;68;1;2020-06-04 14:45:30.880;2020-06-04 14:45:30.880;21
907;575;Puerto Wilches;68575;68;1;2020-06-04 14:45:30.880;2020-06-04 14:45:30.880;21
908;615;Rionegro;68615;68;1;2020-06-04 14:45:30.880;2020-06-04 14:45:30.880;21
909;655;Sabana De Torres;68655;68;1;2020-06-04 14:45:30.880;2020-06-04 14:45:30.880;21
910;669;San Andres;68669;68;1;2020-06-04 14:45:30.880;2020-06-04 14:45:30.880;21
911;673;San Benito;68673;68;1;2020-06-04 14:45:30.880;2020-06-04 14:45:30.880;21
912;679;San Gil;68679;68;1;2020-06-04 14:45:30.880;2020-06-04 14:45:30.880;21
913;682;San Joaquin;68682;68;1;2020-06-04 14:45:30.880;2020-06-04 14:45:30.880;21
914;684;San Jose De Miranda;68684;68;1;2020-06-04 14:45:30.880;2020-06-04 14:45:30.880;21
915;686;San Miguel;68686;68;1;2020-06-04 14:45:30.880;2020-06-04 14:45:30.880;21
916;689;San Vicente De Chucuri;68689;68;1;2020-06-04 14:45:30.880;2020-06-04 14:45:30.880;21
917;705;Santa Barbara;68705;68;1;2020-06-04 14:45:30.880;2020-06-04 14:45:30.880;21
918;720;Santa Helena Del Opon;68720;68;1;2020-06-04 14:45:30.880;2020-06-04 14:45:30.880;21
919;745;Simacota;68745;68;1;2020-06-04 14:45:30.880;2020-06-04 14:45:30.880;21
920;755;Socorro;68755;68;1;2020-06-04 14:45:30.880;2020-06-04 14:45:30.880;21
921;770;Suaita;68770;68;1;2020-06-04 14:45:30.880;2020-06-04 14:45:30.880;21
922;773;Sucre;68773;68;1;2020-06-04 14:45:30.880;2020-06-04 14:45:30.880;21
923;780;Surata;68780;68;1;2020-06-04 14:45:30.880;2020-06-04 14:45:30.880;21
924;820;Tona;68820;68;1;2020-06-04 14:45:30.880;2020-06-04 14:45:30.880;21
925;855;Valle De San Jose;68855;68;1;2020-06-04 14:45:30.880;2020-06-04 14:45:30.880;21
926;861;Velez;68861;68;1;2020-06-04 14:45:30.880;2020-06-04 14:45:30.880;21
927;867;Vetas;68867;68;1;2020-06-04 14:45:30.880;2020-06-04 14:45:30.880;21
928;872;Villanueva;68872;68;1;2020-06-04 14:45:30.880;2020-06-04 14:45:30.880;21
929;895;Zapatoca;68895;68;1;2020-06-04 14:45:30.880;2020-06-04 14:45:30.880;21
930;001;Sincelejo;70001;70;1;2020-06-04 14:45:30.880;2020-06-04 14:45:30.880;22
931;110;Buenavista;70110;70;1;2020-06-04 14:45:30.880;2020-06-04 14:45:30.880;22
932;124;Caimito;70124;70;1;2020-06-04 14:45:30.880;2020-06-04 14:45:30.880;22
933;204;Coloso;70204;70;1;2020-06-04 14:45:30.880;2020-06-04 14:45:30.880;22
934;215;Corozal;70215;70;1;2020-06-04 14:45:30.880;2020-06-04 14:45:30.880;22
935;230;Chalan;70230;70;1;2020-06-04 14:45:30.880;2020-06-04 14:45:30.880;22
936;233;El Roble;70233;70;1;2020-06-04 14:45:30.880;2020-06-04 14:45:30.880;22
937;235;Galeras;70235;70;1;2020-06-04 14:45:30.880;2020-06-04 14:45:30.880;22
938;265;Guaranda;70265;70;1;2020-06-04 14:45:30.880;2020-06-04 14:45:30.880;22
939;400;La Union;70400;70;1;2020-06-04 14:45:30.880;2020-06-04 14:45:30.880;22
940;418;Los Palmitos;70418;70;1;2020-06-04 14:45:30.880;2020-06-04 14:45:30.880;22
941;429;Majagual;70429;70;1;2020-06-04 14:45:30.880;2020-06-04 14:45:30.880;22
942;473;Morroa;70473;70;1;2020-06-04 14:45:30.880;2020-06-04 14:45:30.880;22
943;508;Ovejas;70508;70;1;2020-06-04 14:45:30.880;2020-06-04 14:45:30.880;22
944;523;Palmito;70523;70;1;2020-06-04 14:45:30.880;2020-06-04 14:45:30.880;22
945;670;Sampues;70670;70;1;2020-06-04 14:45:30.880;2020-06-04 14:45:30.880;22
946;678;San Benito Abad;70678;70;1;2020-06-04 14:45:30.880;2020-06-04 14:45:30.880;22
947;702;San Juan De Betulia;70702;70;1;2020-06-04 14:45:30.880;2020-06-04 14:45:30.880;22
948;708;San Marcos;70708;70;1;2020-06-04 14:45:30.880;2020-06-04 14:45:30.880;22
949;713;San Onofre;70713;70;1;2020-06-04 14:45:30.880;2020-06-04 14:45:30.880;22
950;717;San Pedro;70717;70;1;2020-06-04 14:45:30.880;2020-06-04 14:45:30.880;22
951;742;Since;70742;70;1;2020-06-04 14:45:30.880;2020-06-04 14:45:30.880;22
952;771;Sucre;70771;70;1;2020-06-04 14:45:30.880;2020-06-04 14:45:30.880;22
953;820;Santiago De Tolu;70820;70;1;2020-06-04 14:45:30.880;2020-06-04 14:45:30.880;22
954;823;Toluviejo;70823;70;1;2020-06-04 14:45:30.880;2020-06-04 14:45:30.880;22
955;001;Ibague;73001;73;1;2020-06-04 14:45:30.880;2020-06-04 14:45:30.880;23
956;024;Alpujarra;73024;73;1;2020-06-04 14:45:30.880;2020-06-04 14:45:30.880;23
957;026;Alvarado;73026;73;1;2020-06-04 14:45:30.880;2020-06-04 14:45:30.880;23
958;030;Ambalema;73030;73;1;2020-06-04 14:45:30.880;2020-06-04 14:45:30.880;23
959;043;Anzoategui;73043;73;1;2020-06-04 14:45:30.880;2020-06-04 14:45:30.880;23
960;055;Armero;73055;73;1;2020-06-04 14:45:30.880;2020-06-04 14:45:30.880;23
961;067;Ataco;73067;73;1;2020-06-04 14:45:30.880;2020-06-04 14:45:30.880;23
962;124;Cajamarca;73124;73;1;2020-06-04 14:45:30.880;2020-06-04 14:45:30.880;23
963;148;Carmen De Apicala;73148;73;1;2020-06-04 14:45:30.880;2020-06-04 14:45:30.880;23
964;152;Casabianca;73152;73;1;2020-06-04 14:45:30.880;2020-06-04 14:45:30.880;23
965;168;Chaparral;73168;73;1;2020-06-04 14:45:30.880;2020-06-04 14:45:30.880;23
966;200;Coello;73200;73;1;2020-06-04 14:45:30.880;2020-06-04 14:45:30.880;23
967;217;Coyaima;73217;73;1;2020-06-04 14:45:30.880;2020-06-04 14:45:30.880;23
968;226;Cunday;73226;73;1;2020-06-04 14:45:30.880;2020-06-04 14:45:30.880;23
969;236;Dolores;73236;73;1;2020-06-04 14:45:30.880;2020-06-04 14:45:30.880;23
970;268;Espinal;73268;73;1;2020-06-04 14:45:30.880;2020-06-04 14:45:30.880;23
971;270;Falan;73270;73;1;2020-06-04 14:45:30.880;2020-06-04 14:45:30.880;23
972;275;Flandes;73275;73;1;2020-06-04 14:45:30.880;2020-06-04 14:45:30.880;23
973;283;Fresno;73283;73;1;2020-06-04 14:45:30.880;2020-06-04 14:45:30.880;23
974;319;Guamo;73319;73;1;2020-06-04 14:45:30.880;2020-06-04 14:45:30.880;23
975;347;Herveo;73347;73;1;2020-06-04 14:45:30.880;2020-06-04 14:45:30.880;23
976;349;Honda;73349;73;1;2020-06-04 14:45:30.880;2020-06-04 14:45:30.880;23
977;352;Icononzo;73352;73;1;2020-06-04 14:45:30.880;2020-06-04 14:45:30.880;23
978;408;Lerida;73408;73;1;2020-06-04 14:45:30.880;2020-06-04 14:45:30.880;23
979;411;Libano;73411;73;1;2020-06-04 14:45:30.880;2020-06-04 14:45:30.880;23
980;443;Mariquita;73443;73;1;2020-06-04 14:45:30.880;2020-06-04 14:45:30.880;23
981;449;Melgar;73449;73;1;2020-06-04 14:45:30.880;2020-06-04 14:45:30.880;23
982;461;Murillo;73461;73;1;2020-06-04 14:45:30.880;2020-06-04 14:45:30.880;23
983;483;Natagaima;73483;73;1;2020-06-04 14:45:30.880;2020-06-04 14:45:30.880;23
984;504;Ortega;73504;73;1;2020-06-04 14:45:30.880;2020-06-04 14:45:30.880;23
985;520;Palocabildo;73520;73;1;2020-06-04 14:45:30.880;2020-06-04 14:45:30.880;23
986;547;Piedras;73547;73;1;2020-06-04 14:45:30.880;2020-06-04 14:45:30.880;23
987;555;Planadas;73555;73;1;2020-06-04 14:45:30.880;2020-06-04 14:45:30.880;23
988;563;Prado;73563;73;1;2020-06-04 14:45:30.880;2020-06-04 14:45:30.880;23
989;585;Purificacion;73585;73;1;2020-06-04 14:45:30.880;2020-06-04 14:45:30.880;23
990;616;Rioblanco;73616;73;1;2020-06-04 14:45:30.880;2020-06-04 14:45:30.880;23
991;622;Roncesvalles;73622;73;1;2020-06-04 14:45:30.880;2020-06-04 14:45:30.880;23
992;624;Rovira;73624;73;1;2020-06-04 14:45:30.880;2020-06-04 14:45:30.880;23
993;671;Saldaña;73671;73;1;2020-06-04 14:45:30.880;2020-06-04 14:45:30.880;23
994;675;San Antonio;73675;73;1;2020-06-04 14:45:30.880;2020-06-04 14:45:30.880;23
995;678;San Luis;73678;73;1;2020-06-04 14:45:30.880;2020-06-04 14:45:30.880;23
996;686;Santa Isabel;73686;73;1;2020-06-04 14:45:30.880;2020-06-04 14:45:30.880;23
997;770;Suarez;73770;73;1;2020-06-04 14:45:30.880;2020-06-04 14:45:30.880;23
998;854;Valle De San Juan;73854;73;1;2020-06-04 14:45:30.880;2020-06-04 14:45:30.880;23
999;861;Venadillo;73861;73;1;2020-06-04 14:45:30.880;2020-06-04 14:45:30.880;23
1000;870;Villahermosa;73870;73;1;2020-06-04 14:45:30.880;2020-06-04 14:45:30.880;23
1001;873;Villarrica;73873;73;1;2020-06-04 14:45:30.880;2020-06-04 14:45:30.880;23
1002;001;Cali;76001;76;1;2020-06-04 14:45:30.880;2020-06-04 14:45:30.880;24
1003;020;Alcala;76020;76;1;2020-06-04 14:45:30.880;2020-06-04 14:45:30.880;24
1004;036;Andalucia;76036;76;1;2020-06-04 14:45:30.880;2020-06-04 14:45:30.880;24
1005;041;Ansermanuevo;76041;76;1;2020-06-04 14:45:30.880;2020-06-04 14:45:30.880;24
1006;054;Argelia;76054;76;1;2020-06-04 14:45:30.880;2020-06-04 14:45:30.880;24
1007;100;Bolivar;76100;76;1;2020-06-04 14:45:30.880;2020-06-04 14:45:30.880;24
1008;109;Buenaventura;76109;76;1;2020-06-04 14:45:30.880;2020-06-04 14:45:30.880;24
1009;111;Guadalajara De Buga;76111;76;1;2020-06-04 14:45:30.880;2020-06-04 14:45:30.880;24
1010;113;Bugalagrande;76113;76;1;2020-06-04 14:45:30.880;2020-06-04 14:45:30.880;24
1011;122;Caicedonia;76122;76;1;2020-06-04 14:45:30.880;2020-06-04 14:45:30.880;24
1012;126;Calima;76126;76;1;2020-06-04 14:45:30.880;2020-06-04 14:45:30.880;24
1013;130;Candelaria;76130;76;1;2020-06-04 14:45:30.880;2020-06-04 14:45:30.880;24
1014;147;Cartago;76147;76;1;2020-06-04 14:45:30.880;2020-06-04 14:45:30.880;24
1015;233;Dagua;76233;76;1;2020-06-04 14:45:30.880;2020-06-04 14:45:30.880;24
1016;243;El Aguila;76243;76;1;2020-06-04 14:45:30.880;2020-06-04 14:45:30.880;24
1017;246;El Cairo;76246;76;1;2020-06-04 14:45:30.880;2020-06-04 14:45:30.880;24
1018;248;El Cerrito;76248;76;1;2020-06-04 14:45:30.880;2020-06-04 14:45:30.880;24
1019;250;El Dovio;76250;76;1;2020-06-04 14:45:30.880;2020-06-04 14:45:30.880;24
1020;275;Florida;76275;76;1;2020-06-04 14:45:30.880;2020-06-04 14:45:30.880;24
1021;306;Ginebra;76306;76;1;2020-06-04 14:45:30.880;2020-06-04 14:45:30.880;24
1022;318;Guacari;76318;76;1;2020-06-04 14:45:30.880;2020-06-04 14:45:30.880;24
1023;364;Jamundi;76364;76;1;2020-06-04 14:45:30.880;2020-06-04 14:45:30.880;24
1024;377;La Cumbre;76377;76;1;2020-06-04 14:45:30.880;2020-06-04 14:45:30.880;24
1025;400;La Union;76400;76;1;2020-06-04 14:45:30.880;2020-06-04 14:45:30.880;24
1026;403;La Victoria;76403;76;1;2020-06-04 14:45:30.880;2020-06-04 14:45:30.880;24
1027;497;Obando;76497;76;1;2020-06-04 14:45:30.880;2020-06-04 14:45:30.880;24
1028;520;Palmira;76520;76;1;2020-06-04 14:45:30.880;2020-06-04 14:45:30.880;24
1029;563;Pradera;76563;76;1;2020-06-04 14:45:30.880;2020-06-04 14:45:30.880;24
1030;606;Restrepo;76606;76;1;2020-06-04 14:45:30.880;2020-06-04 14:45:30.880;24
1031;616;Riofrio;76616;76;1;2020-06-04 14:45:30.880;2020-06-04 14:45:30.880;24
1032;622;Roldanillo;76622;76;1;2020-06-04 14:45:30.880;2020-06-04 14:45:30.880;24
1033;670;San Pedro;76670;76;1;2020-06-04 14:45:30.880;2020-06-04 14:45:30.880;24
1034;736;Sevilla;76736;76;1;2020-06-04 14:45:30.880;2020-06-04 14:45:30.880;24
1035;823;Toro;76823;76;1;2020-06-04 14:45:30.880;2020-06-04 14:45:30.880;24
1036;828;Trujillo;76828;76;1;2020-06-04 14:45:30.880;2020-06-04 14:45:30.880;24
1037;834;Tulua;76834;76;1;2020-06-04 14:45:30.880;2020-06-04 14:45:30.880;24
1038;845;Ulloa;76845;76;1;2020-06-04 14:45:30.880;2020-06-04 14:45:30.880;24
1039;863;Versalles;76863;76;1;2020-06-04 14:45:30.880;2020-06-04 14:45:30.880;24
1040;869;Vijes;76869;76;1;2020-06-04 14:45:30.880;2020-06-04 14:45:30.880;24
1041;890;Yotoco;76890;76;1;2020-06-04 14:45:30.880;2020-06-04 14:45:30.880;24
1042;892;Yumbo;76892;76;1;2020-06-04 14:45:30.880;2020-06-04 14:45:30.880;24
1043;895;Zarzal;76895;76;1;2020-06-04 14:45:30.880;2020-06-04 14:45:30.880;24
1044;001;Arauca;81001;81;1;2020-06-04 14:45:30.880;2020-06-04 14:45:30.880;25
1045;065;Arauquita;81065;81;1;2020-06-04 14:45:30.880;2020-06-04 14:45:30.880;25
1046;220;Cravo Norte;81220;81;1;2020-06-04 14:45:30.880;2020-06-04 14:45:30.880;25
1047;300;Fortul;81300;81;1;2020-06-04 14:45:30.880;2020-06-04 14:45:30.880;25
1048;591;Puerto Rondon;81591;81;1;2020-06-04 14:45:30.880;2020-06-04 14:45:30.880;25
1049;736;Saravena;81736;81;1;2020-06-04 14:45:30.880;2020-06-04 14:45:30.880;25
1050;794;Tame;81794;81;1;2020-06-04 14:45:30.880;2020-06-04 14:45:30.880;25
1051;001;Yopal;85001;85;1;2020-06-04 14:45:30.880;2020-06-04 14:45:30.880;26
1052;010;Aguazul;85010;85;1;2020-06-04 14:45:30.880;2020-06-04 14:45:30.880;26
1053;015;Chameza;85015;85;1;2020-06-04 14:45:30.880;2020-06-04 14:45:30.880;26
1054;125;Hato Corozal;85125;85;1;2020-06-04 14:45:30.880;2020-06-04 14:45:30.880;26
1055;136;La Salina;85136;85;1;2020-06-04 14:45:30.880;2020-06-04 14:45:30.880;26
1056;139;Mani;85139;85;1;2020-06-04 14:45:30.880;2020-06-04 14:45:30.880;26
1057;162;Monterrey;85162;85;1;2020-06-04 14:45:30.880;2020-06-04 14:45:30.880;26
1058;225;Nunchia;85225;85;1;2020-06-04 14:45:30.880;2020-06-04 14:45:30.880;26
1059;230;Orocue;85230;85;1;2020-06-04 14:45:30.880;2020-06-04 14:45:30.880;26
1060;250;Paz De Ariporo;85250;85;1;2020-06-04 14:45:30.880;2020-06-04 14:45:30.880;26
1061;263;Pore;85263;85;1;2020-06-04 14:45:30.880;2020-06-04 14:45:30.880;26
1062;279;Recetor;85279;85;1;2020-06-04 14:45:30.880;2020-06-04 14:45:30.880;26
1063;300;Sabanalarga;85300;85;1;2020-06-04 14:45:30.880;2020-06-04 14:45:30.880;26
1064;315;Sacama;85315;85;1;2020-06-04 14:45:30.880;2020-06-04 14:45:30.880;26
1065;325;San Luis De Palenque;85325;85;1;2020-06-04 14:45:30.880;2020-06-04 14:45:30.880;26
1066;400;Tamara;85400;85;1;2020-06-04 14:45:30.880;2020-06-04 14:45:30.880;26
1067;410;Tauramena;85410;85;1;2020-06-04 14:45:30.880;2020-06-04 14:45:30.880;26
1068;430;Trinidad;85430;85;1;2020-06-04 14:45:30.880;2020-06-04 14:45:30.880;26
1069;440;Villanueva;85440;85;1;2020-06-04 14:45:30.880;2020-06-04 14:45:30.880;26
1070;001;Mocoa;86001;86;1;2020-06-04 14:45:30.880;2020-06-04 14:45:30.880;27
1071;219;Colon;86219;86;1;2020-06-04 14:45:30.880;2020-06-04 14:45:30.880;27
1072;320;Orito;86320;86;1;2020-06-04 14:45:30.880;2020-06-04 14:45:30.880;27
1073;568;Puerto Asis;86568;86;1;2020-06-04 14:45:30.880;2020-06-04 14:45:30.880;27
1074;569;Puerto Caicedo;86569;86;1;2020-06-04 14:45:30.880;2020-06-04 14:45:30.880;27
1075;571;Puerto Guzman;86571;86;1;2020-06-04 14:45:30.880;2020-06-04 14:45:30.880;27
1076;573;Leguizamo;86573;86;1;2020-06-04 14:45:30.880;2020-06-04 14:45:30.880;27
1077;749;Sibundoy;86749;86;1;2020-06-04 14:45:30.880;2020-06-04 14:45:30.880;27
1078;755;San Francisco;86755;86;1;2020-06-04 14:45:30.880;2020-06-04 14:45:30.880;27
1079;757;San Miguel;86757;86;1;2020-06-04 14:45:30.880;2020-06-04 14:45:30.880;27
1080;760;Santiago;86760;86;1;2020-06-04 14:45:30.880;2020-06-04 14:45:30.880;27
1081;865;Valle Del Guamuez;86865;86;1;2020-06-04 14:45:30.880;2020-06-04 14:45:30.880;27
1082;885;Villagarzon;86885;86;1;2020-06-04 14:45:30.880;2020-06-04 14:45:30.880;27
1083;001;San Andres;88001;88;1;2020-06-04 14:45:30.880;2020-06-04 14:45:30.880;28
1084;564;Providencia;88564;88;1;2020-06-04 14:45:30.880;2020-06-04 14:45:30.880;28
1085;001;Leticia;91001;91;1;2020-06-04 14:45:30.880;2020-06-04 14:45:30.880;29
1086;263;El Encanto;91263;91;1;2020-06-04 14:45:30.880;2020-06-04 14:45:30.880;29
1087;405;La Chorrera;91405;91;1;2020-06-04 14:45:30.880;2020-06-04 14:45:30.880;29
1088;407;La Pedrera;91407;91;1;2020-06-04 14:45:30.880;2020-06-04 14:45:30.880;29
1089;430;La Victoria;91430;91;1;2020-06-04 14:45:30.880;2020-06-04 14:45:30.880;29
1090;460;Miriti - Parana;91460;91;1;2020-06-04 14:45:30.880;2020-06-04 14:45:30.880;29
1091;530;Puerto Alegria;91530;91;1;2020-06-04 14:45:30.880;2020-06-04 14:45:30.880;29
1092;536;Puerto Arica;91536;91;1;2020-06-04 14:45:30.880;2020-06-04 14:45:30.880;29
1093;540;Puerto Nariño;91540;91;1;2020-06-04 14:45:30.880;2020-06-04 14:45:30.880;29
1094;669;Puerto Santander;91669;91;1;2020-06-04 14:45:30.880;2020-06-04 14:45:30.880;29
1095;798;Tarapaca;91798;91;1;2020-06-04 14:45:30.880;2020-06-04 14:45:30.880;29
1096;001;Inirida;94001;94;1;2020-06-04 14:45:30.880;2020-06-04 14:45:30.880;30
1097;343;Barranco Minas;94343;94;1;2020-06-04 14:45:30.880;2020-06-04 14:45:30.880;30
1098;663;Mapiripana;94663;94;1;2020-06-04 14:45:30.880;2020-06-04 14:45:30.880;30
1099;883;San Felipe;94883;94;1;2020-06-04 14:45:30.880;2020-06-04 14:45:30.880;30
1100;884;Puerto Colombia;94884;94;1;2020-06-04 14:45:30.880;2020-06-04 14:45:30.880;30
1101;885;La Guadalupe;94885;94;1;2020-06-04 14:45:30.880;2020-06-04 14:45:30.880;30
1102;886;Cacahual;94886;94;1;2020-06-04 14:45:30.880;2020-06-04 14:45:30.880;30
1103;887;Pana Pana;94887;94;1;2020-06-04 14:45:30.880;2020-06-04 14:45:30.880;30
1104;888;Morichal;94888;94;1;2020-06-04 14:45:30.880;2020-06-04 14:45:30.880;30
1105;001;San Jose Del Guaviare;95001;95;1;2020-06-04 14:45:30.880;2020-06-04 14:45:30.880;31
1106;015;Calamar;95015;95;1;2020-06-04 14:45:30.880;2020-06-04 14:45:30.880;31
1107;025;El Retorno;95025;95;1;2020-06-04 14:45:30.880;2020-06-04 14:45:30.880;31
1108;200;Miraflores;95200;95;1;2020-06-04 14:45:30.880;2020-06-04 14:45:30.880;31
1109;001;Mitu;97001;97;1;2020-06-04 14:45:30.880;2020-06-04 14:45:30.880;32
1110;161;Caruru;97161;97;1;2020-06-04 14:45:30.880;2020-06-04 14:45:30.880;32
1111;511;Pacoa;97511;97;1;2020-06-04 14:45:30.880;2020-06-04 14:45:30.880;32
1112;666;Taraira;97666;97;1;2020-06-04 14:45:30.880;2020-06-04 14:45:30.880;32
1113;777;Papunaua;97777;97;1;2020-06-04 14:45:30.880;2020-06-04 14:45:30.880;32
1114;889;Yavarate;97889;97;1;2020-06-04 14:45:30.880;2020-06-04 14:45:30.880;32
1115;001;Puerto Carreño;99001;99;1;2020-06-04 14:45:30.880;2020-06-04 14:45:30.880;33
1116;524;La Primavera;99524;99;1;2020-06-04 14:45:30.880;2020-06-04 14:45:30.880;33
1117;624;Santa Rosalia ;99624;99;1;2020-06-04 14:45:30.880;2020-06-04 14:45:30.880;33
1118;773;Cumaribo;99773;99;1;2020-06-04 14:45:30.880;2020-06-04 14:45:30.880;33
1153;004;Abriaqui;05004;05;1;2020-06-04 14:45:30.880;2020-06-04 14:45:30.880;1
