ResguardoId;ResguardoCodigo;ResguardoNombre;Activo;FechaRegistro;FechaModifica
1;000;NO APLICA;1;2016-07-24 00:00:00.000;2016-07-24 00:00:00.000
2;001;ABEJERO;1;2016-07-24 00:00:00.000;2016-07-24 00:00:00.000
3;002;ADUCHE;1;2016-07-24 00:00:00.000;2016-07-24 00:00:00.000
4;003;AFILADOR-CAMPOALEGRE (conv);1;2016-07-24 00:00:00.000;2016-07-24 00:00:00.000
5;004;AGUA CLARA-BELLALUZ;1;2016-07-24 00:00:00.000;2016-07-24 00:00:00.000
6;005;AGUA NEGRA;1;2016-07-24 00:00:00.000;2016-07-24 00:00:00.000
7;006;AGUANEGRA;1;2016-07-24 00:00:00.000;2016-07-24 00:00:00.000
8;007;AGUAS NEGRAS;1;2016-07-24 00:00:00.000;2016-07-24 00:00:00.000
9;008;"AICO ";1;2016-07-24 00:00:00.000;2016-07-24 00:00:00.000
10;009;ALBANIA;1;2016-07-24 00:00:00.000;2016-07-24 00:00:00.000
11;010;"ALDANA ";1;2016-07-24 00:00:00.000;2016-07-24 00:00:00.000
12;011;ALMIDON LA CEIBA;1;2016-07-24 00:00:00.000;2016-07-24 00:00:00.000
13;012;ALMORZADERO SAN ISIDRO Y LA NUEVA UNION;1;2016-07-24 00:00:00.000;2016-07-24 00:00:00.000
14;013;ALTA Y MEDIA GUAJIRA (amp);1;2016-07-24 00:00:00.000;2016-07-24 00:00:00.000
15;014;ALTAMIRA;1;2016-07-24 00:00:00.000;2016-07-24 00:00:00.000
16;015;ALTO BONITO VIRA VIRA;1;2016-07-24 00:00:00.000;2016-07-24 00:00:00.000
17;016;ALTO CARTAGENA;1;2016-07-24 00:00:00.000;2016-07-24 00:00:00.000
18;017;ALTO DEL REY;1;2016-07-24 00:00:00.000;2016-07-24 00:00:00.000
19;018;ALTO RIO BOJAYA;1;2016-07-24 00:00:00.000;2016-07-24 00:00:00.000
20;019;ALTO RIO BUEY;1;2016-07-24 00:00:00.000;2016-07-24 00:00:00.000
21;020;ALTO RIO CUIA;1;2016-07-24 00:00:00.000;2016-07-24 00:00:00.000
22;021;ALTO RIO TAGACHI;1;2016-07-24 00:00:00.000;2016-07-24 00:00:00.000
23;022;ALTO SINU(KARAGAVI E IWAGADO);1;2016-07-24 00:00:00.000;2016-07-24 00:00:00.000
24;023;ALTOMIRA;1;2016-07-24 00:00:00.000;2016-07-24 00:00:00.000
25;024;AMAYARCO;1;2016-07-24 00:00:00.000;2016-07-24 00:00:00.000
26;025;AMBALO;1;2016-07-24 00:00:00.000;2016-07-24 00:00:00.000
27;026;AME;1;2016-07-24 00:00:00.000;2016-07-24 00:00:00.000
28;027;AMPARRADO-ALTO-MEDIO Y QUEBRADA CHONTADURO;1;2016-07-24 00:00:00.000;2016-07-24 00:00:00.000
29;028;ANACARCO;1;2016-07-24 00:00:00.000;2016-07-24 00:00:00.000
30;029;ANDABU;1;2016-07-24 00:00:00.000;2016-07-24 00:00:00.000
31;030;ANGOSTURA;1;2016-07-24 00:00:00.000;2016-07-24 00:00:00.000
32;031;APONTE;1;2016-07-24 00:00:00.000;2016-07-24 00:00:00.000
33;032;ARARA;1;2016-07-24 00:00:00.000;2016-07-24 00:00:00.000
34;033;ARHUACO DE LA SIERRA;1;2016-07-24 00:00:00.000;2016-07-24 00:00:00.000
35;034;ARQUIA;1;2016-07-24 00:00:00.000;2016-07-24 00:00:00.000
36;035;ARRECIFAL;1;2016-07-24 00:00:00.000;2016-07-24 00:00:00.000
37;036;ATANA-PIRARIAMI;1;2016-07-24 00:00:00.000;2016-07-24 00:00:00.000
38;037;AVIRAMA;1;2016-07-24 00:00:00.000;2016-07-24 00:00:00.000
39;038;AWA DEL ALTO ALBI;1;2016-07-24 00:00:00.000;2016-07-24 00:00:00.000
40;039;AWALIBA (ABARIBA);1;2016-07-24 00:00:00.000;2016-07-24 00:00:00.000
41;040;"BACATI-ARARA ";1;2016-07-24 00:00:00.000;2016-07-24 00:00:00.000
42;041;BACHACO BUENAVISTA;1;2016-07-24 00:00:00.000;2016-07-24 00:00:00.000
43;042;BACHE;1;2016-07-24 00:00:00.000;2016-07-24 00:00:00.000
44;043;BAJO GRANDE;1;2016-07-24 00:00:00.000;2016-07-24 00:00:00.000
45;044;BAJO RIO GUAINIA Y RIO NEGRO;1;2016-07-24 00:00:00.000;2016-07-24 00:00:00.000
46;045;BAJO VICHADA (SANTA RITA);1;2016-07-24 00:00:00.000;2016-07-24 00:00:00.000
47;046;BARRANCO CEIBA-LAGUNA ARAGUATO;1;2016-07-24 00:00:00.000;2016-07-24 00:00:00.000
48;047;BARRANCO COLORADO;1;2016-07-24 00:00:00.000;2016-07-24 00:00:00.000
49;048;BARRANCON;1;2016-07-24 00:00:00.000;2016-07-24 00:00:00.000
50;049;BARRANQUILLITA;1;2016-07-24 00:00:00.000;2016-07-24 00:00:00.000
51;050;BARRANQUITO LAGUNA COLORADA;1;2016-07-24 00:00:00.000;2016-07-24 00:00:00.000
52;051;BARZALOZA;1;2016-07-24 00:00:00.000;2016-07-24 00:00:00.000
53;052;BATEAS;1;2016-07-24 00:00:00.000;2016-07-24 00:00:00.000
54;053;BAYONEROS;1;2016-07-24 00:00:00.000;2016-07-24 00:00:00.000
55;054;BELALCAZAR;1;2016-07-24 00:00:00.000;2016-07-24 00:00:00.000
56;055;BELLAVISTA-UNION PITALITO;1;2016-07-24 00:00:00.000;2016-07-24 00:00:00.000
57;056;BERROCAL-AMAPO-P.ESCONDIDO;1;2016-07-24 00:00:00.000;2016-07-24 00:00:00.000
58;057;BETE-AURO BETE,AURO DEL BUEY;1;2016-07-24 00:00:00.000;2016-07-24 00:00:00.000
59;058;BOCHOROMA-BOCHOROMACITO;1;2016-07-24 00:00:00.000;2016-07-24 00:00:00.000
60;059;BUCHADO-AMPARRADO;1;2016-07-24 00:00:00.000;2016-07-24 00:00:00.000
61;060;BUENAVISTA;1;2016-07-24 00:00:00.000;2016-07-24 00:00:00.000
62;061;BURUJON-LA UNION S BERNARDO;1;2016-07-24 00:00:00.000;2016-07-24 00:00:00.000
63;062;BUSINCHAMA;1;2016-07-24 00:00:00.000;2016-07-24 00:00:00.000
64;063;CABECERAS;1;2016-07-24 00:00:00.000;2016-07-24 00:00:00.000
65;064;CACHIVERA DE NARE;1;2016-07-24 00:00:00.000;2016-07-24 00:00:00.000
66;065;CAICEMAPA;1;2016-07-24 00:00:00.000;2016-07-24 00:00:00.000
67;066;"CAIMAN NUEVO (amp) ";1;2016-07-24 00:00:00.000;2016-07-24 00:00:00.000
68;067;CAIMANERO DE JAMPAPA;1;2016-07-24 00:00:00.000;2016-07-24 00:00:00.000
69;068;CAJAROS;1;2016-07-24 00:00:00.000;2016-07-24 00:00:00.000
70;069;CALARCA;1;2016-07-24 00:00:00.000;2016-07-24 00:00:00.000
71;070;CALDERAS;1;2016-07-24 00:00:00.000;2016-07-24 00:00:00.000
72;071;CALENTURAS;1;2016-07-24 00:00:00.000;2016-07-24 00:00:00.000
73;072;CALLE SANTA ROSA - RIO SAIJA;1;2016-07-24 00:00:00.000;2016-07-24 00:00:00.000
74;073;CAMARITAGUA;1;2016-07-24 00:00:00.000;2016-07-24 00:00:00.000
75;074;"CAMPOALEGRE ";1;2016-07-24 00:00:00.000;2016-07-24 00:00:00.000
76;075;CAMPOALEGRE-RIPIALITO;1;2016-07-24 00:00:00.000;2016-07-24 00:00:00.000
77;076;CAÑAMOMO-LOMAPRIETA_1;1;2016-07-24 00:00:00.000;2016-07-24 00:00:00.000
78;077;CAÑAMOMO-LOMAPRIETA_2;1;2016-07-24 00:00:00.000;2016-07-24 00:00:00.000
79;078;CANANAMA;1;2016-07-24 00:00:00.000;2016-07-24 00:00:00.000
80;079;CAÑAVERALES-ANTADO;1;2016-07-24 00:00:00.000;2016-07-24 00:00:00.000
81;080;CAÑO BACHACO;1;2016-07-24 00:00:00.000;2016-07-24 00:00:00.000
82;081;CAÑO BOCON BRAZO AMANAVEN;1;2016-07-24 00:00:00.000;2016-07-24 00:00:00.000
83;082;CAÑO CAVASI;1;2016-07-24 00:00:00.000;2016-07-24 00:00:00.000
84;083;CAÑO CLARO;1;2016-07-24 00:00:00.000;2016-07-24 00:00:00.000
85;084;CAÑO GUARIPA;1;2016-07-24 00:00:00.000;2016-07-24 00:00:00.000
86;085;CAÑO HORMIGA;1;2016-07-24 00:00:00.000;2016-07-24 00:00:00.000
87;086;"CAÑO JABON ";1;2016-07-24 00:00:00.000;2016-07-24 00:00:00.000
88;087;CAÑO MESETAS-DAGUA;1;2016-07-24 00:00:00.000;2016-07-24 00:00:00.000
89;088;CAÑO MOCHUELO-HATO COROZAL;1;2016-07-24 00:00:00.000;2016-07-24 00:00:00.000
90;089;CAÑO NEGRO;1;2016-07-24 00:00:00.000;2016-07-24 00:00:00.000
91;090;"CAÑO OVEJAS ";1;2016-07-24 00:00:00.000;2016-07-24 00:00:00.000
92;091;CAÑO PADILLA;1;2016-07-24 00:00:00.000;2016-07-24 00:00:00.000
93;092;CAÑO ZAMA;1;2016-07-24 00:00:00.000;2016-07-24 00:00:00.000
94;093;CANOAS;1;2016-07-24 00:00:00.000;2016-07-24 00:00:00.000
95;094;CAÑON RIO SAN QUININI;1;2016-07-24 00:00:00.000;2016-07-24 00:00:00.000
96;095;CAQUIONA;1;2016-07-24 00:00:00.000;2016-07-24 00:00:00.000
97;096;CARANACOA YURI LAGUNA MOROCOTO;1;2016-07-24 00:00:00.000;2016-07-24 00:00:00.000
98;097;CARLOSAMA;1;2016-07-24 00:00:00.000;2016-07-24 00:00:00.000
99;098;CARPINTERO-PALOMAS;1;2016-07-24 00:00:00.000;2016-07-24 00:00:00.000
100;099;CARRIZAL;1;2016-07-24 00:00:00.000;2016-07-24 00:00:00.000
101;100;CASTILLA - ANGOSTURAS;1;2016-07-24 00:00:00.000;2016-07-24 00:00:00.000
102;101;CECILIA COCHA;1;2016-07-24 00:00:00.000;2016-07-24 00:00:00.000
103;102;CERRO DE HATONUEVO;1;2016-07-24 00:00:00.000;2016-07-24 00:00:00.000
104;103;CERRODEO;1;2016-07-24 00:00:00.000;2016-07-24 00:00:00.000
105;104;CHACHAJO;1;2016-07-24 00:00:00.000;2016-07-24 00:00:00.000
106;105;CHAGPIEN-TORDO;1;2016-07-24 00:00:00.000;2016-07-24 00:00:00.000
107;106;CHAGÜI, CHIMBUZA, VEGAS, SAN ANTONIO, OTROS;1;2016-07-24 00:00:00.000;2016-07-24 00:00:00.000
108;107;CHALUAYACO;1;2016-07-24 00:00:00.000;2016-07-24 00:00:00.000
109;108;"CHAPARRAL Y BARRO NEGRO ";1;2016-07-24 00:00:00.000;2016-07-24 00:00:00.000
110;109;CHAQUENODA;1;2016-07-24 00:00:00.000;2016-07-24 00:00:00.000
111;110;CHAQUIRA;1;2016-07-24 00:00:00.000;2016-07-24 00:00:00.000
112;111;CHARCO CAIMAN;1;2016-07-24 00:00:00.000;2016-07-24 00:00:00.000
113;112;CHENCHE BUENOS AIRES INDEPENDIENTE;1;2016-07-24 00:00:00.000;2016-07-24 00:00:00.000
114;113;CHENCHE BUENOS AIRES TRADICIONAL;1;2016-07-24 00:00:00.000;2016-07-24 00:00:00.000
115;114;CHENCHE MEDIA LUNA;1;2016-07-24 00:00:00.000;2016-07-24 00:00:00.000
116;115;CHENCHE-SOCORRO-LOS GUAYABOS;1;2016-07-24 00:00:00.000;2016-07-24 00:00:00.000
117;116;CHIDIMA TOLO;1;2016-07-24 00:00:00.000;2016-07-24 00:00:00.000
118;117;CHIGÜIRO;1;2016-07-24 00:00:00.000;2016-07-24 00:00:00.000
119;118;CHILES;1;2016-07-24 00:00:00.000;2016-07-24 00:00:00.000
120;119;CHIMBORAZO;1;2016-07-24 00:00:00.000;2016-07-24 00:00:00.000
121;120;CHIMILA DE SAN ANGEL;1;2016-07-24 00:00:00.000;2016-07-24 00:00:00.000
122;121;CHIMURRO-NENDO;1;2016-07-24 00:00:00.000;2016-07-24 00:00:00.000
123;122;CHINAS;1;2016-07-24 00:00:00.000;2016-07-24 00:00:00.000
124;123;CHIQUE-RIO TANGUI;1;2016-07-24 00:00:00.000;2016-07-24 00:00:00.000
125;124;CHOCON;1;2016-07-24 00:00:00.000;2016-07-24 00:00:00.000
126;125;CHOLOLOBO-MATATU;1;2016-07-24 00:00:00.000;2016-07-24 00:00:00.000
127;126;CHONTADURAL-CAÑERO;1;2016-07-24 00:00:00.000;2016-07-24 00:00:00.000
128;127;CHOROMANDO ALTO Y MEDIO;1;2016-07-24 00:00:00.000;2016-07-24 00:00:00.000
129;128;CHUSCAL-TUGURIDOCITO;1;2016-07-24 00:00:00.000;2016-07-24 00:00:00.000
130;129;CIBARIZA;1;2016-07-24 00:00:00.000;2016-07-24 00:00:00.000
131;130;COAYARE EL COCO;1;2016-07-24 00:00:00.000;2016-07-24 00:00:00.000
132;131;COCONUCO;1;2016-07-24 00:00:00.000;2016-07-24 00:00:00.000
133;132;COHETANDO;1;2016-07-24 00:00:00.000;2016-07-24 00:00:00.000
134;133;COLIMBA;1;2016-07-24 00:00:00.000;2016-07-24 00:00:00.000
135;134;COMEYAFU;1;2016-07-24 00:00:00.000;2016-07-24 00:00:00.000
136;135;CONCORDIA;1;2016-07-24 00:00:00.000;2016-07-24 00:00:00.000
137;136;CONSARA-MECAYA;1;2016-07-24 00:00:00.000;2016-07-24 00:00:00.000
138;137;"COPEG DEL RIO INGARA ";1;2016-07-24 00:00:00.000;2016-07-24 00:00:00.000
139;138;CORDOBA (MALES);1;2016-07-24 00:00:00.000;2016-07-24 00:00:00.000
140;139;CORINTO;1;2016-07-24 00:00:00.000;2016-07-24 00:00:00.000
141;140;COROCORO;1;2016-07-24 00:00:00.000;2016-07-24 00:00:00.000
142;141;COROPOYA;1;2016-07-24 00:00:00.000;2016-07-24 00:00:00.000
143;142;COROZAL TAPAOJO;1;2016-07-24 00:00:00.000;2016-07-24 00:00:00.000
144;143;COTHUE-PUTUMAYO;1;2016-07-24 00:00:00.000;2016-07-24 00:00:00.000
145;144;CRISTIANIA;1;2016-07-24 00:00:00.000;2016-07-24 00:00:00.000
146;145;CRISTIANIA (Reestructurado);1;2016-07-24 00:00:00.000;2016-07-24 00:00:00.000
147;146;CUAIQUER INTEGRADO LA MILAGROSA;1;2016-07-24 00:00:00.000;2016-07-24 00:00:00.000
148;147;CUASBIL-LA FALDADA;1;2016-07-24 00:00:00.000;2016-07-24 00:00:00.000
149;148;CUASCUABI-PALDUBI;1;2016-07-24 00:00:00.000;2016-07-24 00:00:00.000
150;149;CUATRO DE NOVIEMBRE;1;2016-07-24 00:00:00.000;2016-07-24 00:00:00.000
151;150;CUCHILLA-PALMAR;1;2016-07-24 00:00:00.000;2016-07-24 00:00:00.000
152;151;CUENCA MEDIA Y ALTA RIO INIRIDA;1;2016-07-24 00:00:00.000;2016-07-24 00:00:00.000
153;152;CUERAZO;1;2016-07-24 00:00:00.000;2016-07-24 00:00:00.000
154;153;CUILOTO II;1;2016-07-24 00:00:00.000;2016-07-24 00:00:00.000
155;154;CUMARAL BRAZO AMANAVEN;1;2016-07-24 00:00:00.000;2016-07-24 00:00:00.000
156;155;CUMARAL,GUAMUCO;1;2016-07-24 00:00:00.000;2016-07-24 00:00:00.000
157;156;CUMBAL;1;2016-07-24 00:00:00.000;2016-07-24 00:00:00.000
158;157;CUNA-TSEPAJIBO-WARRACAÑA;1;2016-07-24 00:00:00.000;2016-07-24 00:00:00.000
159;158;CURARE-LOS INGLESES;1;2016-07-24 00:00:00.000;2016-07-24 00:00:00.000
160;159;CUSAY-LA COLORADA;1;2016-07-24 00:00:00.000;2016-07-24 00:00:00.000
161;160;CUSUMBE-AGUA BLANCA;1;2016-07-24 00:00:00.000;2016-07-24 00:00:00.000
162;161;CUTI;1;2016-07-24 00:00:00.000;2016-07-24 00:00:00.000
163;162;DACHI DRUA CHAMI;1;2016-07-24 00:00:00.000;2016-07-24 00:00:00.000
164;163;DACHI DRUA MUNDI;1;2016-07-24 00:00:00.000;2016-07-24 00:00:00.000
165;164;DEARADE - BIAKIRUDE;1;2016-07-24 00:00:00.000;2016-07-24 00:00:00.000
166;165;DIAMANTE;1;2016-07-24 00:00:00.000;2016-07-24 00:00:00.000
167;166;DOCORDO-BALSALITO;1;2016-07-24 00:00:00.000;2016-07-24 00:00:00.000
168;167;DOKERAZAVI;1;2016-07-24 00:00:00.000;2016-07-24 00:00:00.000
169;168;DOMINICO-LONDOÑO-PARTADO;1;2016-07-24 00:00:00.000;2016-07-24 00:00:00.000
170;169;DOMO PLANAS (SAN RAFAEL);1;2016-07-24 00:00:00.000;2016-07-24 00:00:00.000
171;170;DOXURA;1;2016-07-24 00:00:00.000;2016-07-24 00:00:00.000
172;171;DRUA DO (PORTALES DEL RIO);1;2016-07-24 00:00:00.000;2016-07-24 00:00:00.000
173;172;EGUA-GUARIACANA;1;2016-07-24 00:00:00.000;2016-07-24 00:00:00.000
174;173;EL CEDRITO;1;2016-07-24 00:00:00.000;2016-07-24 00:00:00.000
175;174;EL CEDRO,LAS PEÑAS,LA BRAVA,PILVILA;1;2016-07-24 00:00:00.000;2016-07-24 00:00:00.000
176;175;"EL CONSEJO ";1;2016-07-24 00:00:00.000;2016-07-24 00:00:00.000
177;176;EL DESCANSE;1;2016-07-24 00:00:00.000;2016-07-24 00:00:00.000
178;177;EL DESCANSO;1;2016-07-24 00:00:00.000;2016-07-24 00:00:00.000
179;178;EL DIAMANTE;1;2016-07-24 00:00:00.000;2016-07-24 00:00:00.000
180;179;EL DOCE-QUEBRADA BORBOLLON;1;2016-07-24 00:00:00.000;2016-07-24 00:00:00.000
181;180;"EL DUYA ";1;2016-07-24 00:00:00.000;2016-07-24 00:00:00.000
182;181;EL GRAN SABALO;1;2016-07-24 00:00:00.000;2016-07-24 00:00:00.000
183;182;EL GUAYABAL;1;2016-07-24 00:00:00.000;2016-07-24 00:00:00.000
184;183;EL HACHA;1;2016-07-24 00:00:00.000;2016-07-24 00:00:00.000
185;184;EL ITILLA;1;2016-07-24 00:00:00.000;2016-07-24 00:00:00.000
186;185;"EL MEDANO ";1;2016-07-24 00:00:00.000;2016-07-24 00:00:00.000
187;186;EL PIÑAL;1;2016-07-24 00:00:00.000;2016-07-24 00:00:00.000
188;187;EL PORTAL;1;2016-07-24 00:00:00.000;2016-07-24 00:00:00.000
189;188;EL PROGRESO;1;2016-07-24 00:00:00.000;2016-07-24 00:00:00.000
190;189;EL QUINCE;1;2016-07-24 00:00:00.000;2016-07-24 00:00:00.000
191;190;EL REFUGIO;1;2016-07-24 00:00:00.000;2016-07-24 00:00:00.000
192;191;EL ROSARIO-BELLAVISTA-YUCATAN;1;2016-07-24 00:00:00.000;2016-07-24 00:00:00.000
193;192;"EL SALADILLO ";1;2016-07-24 00:00:00.000;2016-07-24 00:00:00.000
194;193;EL SALADO;1;2016-07-24 00:00:00.000;2016-07-24 00:00:00.000
195;194;EL SANDE;1;2016-07-24 00:00:00.000;2016-07-24 00:00:00.000
196;195;"EL SUSPIRO ";1;2016-07-24 00:00:00.000;2016-07-24 00:00:00.000
197;196;EL TABLERO;1;2016-07-24 00:00:00.000;2016-07-24 00:00:00.000
198;197;EL TAMBO;1;2016-07-24 00:00:00.000;2016-07-24 00:00:00.000
199;198;EL TIGRE;1;2016-07-24 00:00:00.000;2016-07-24 00:00:00.000
200;199;EL TRIUNFO;1;2016-07-24 00:00:00.000;2016-07-24 00:00:00.000
201;200;EL TRIUNFO-CRISTAL PAEZ;1;2016-07-24 00:00:00.000;2016-07-24 00:00:00.000
202;201;EL TURPIAL;1;2016-07-24 00:00:00.000;2016-07-24 00:00:00.000
203;202;EL UNUMA;1;2016-07-24 00:00:00.000;2016-07-24 00:00:00.000
204;203;EL UNUMA (Parte);1;2016-07-24 00:00:00.000;2016-07-24 00:00:00.000
205;204;EL VEINTE PLAYA ALTA Y EL NOVENTA (amp);1;2016-07-24 00:00:00.000;2016-07-24 00:00:00.000
206;205;EL VEINTIUNO;1;2016-07-24 00:00:00.000;2016-07-24 00:00:00.000
207;206;EL VENADO;1;2016-07-24 00:00:00.000;2016-07-24 00:00:00.000
208;207;EL VERGEL;1;2016-07-24 00:00:00.000;2016-07-24 00:00:00.000
209;208;"EL VIGIA ";1;2016-07-24 00:00:00.000;2016-07-24 00:00:00.000
210;209;EL VOLAO;1;2016-07-24 00:00:00.000;2016-07-24 00:00:00.000
211;210;EL ZAHINO GUAYABITO MURIAYTUY;1;2016-07-24 00:00:00.000;2016-07-24 00:00:00.000
212;211;EL ZAMURO;1;2016-07-24 00:00:00.000;2016-07-24 00:00:00.000
213;212;FLORES-SOMBRERO;1;2016-07-24 00:00:00.000;2016-07-24 00:00:00.000
214;213;GABARRA_1;1;2016-07-24 00:00:00.000;2016-07-24 00:00:00.000
215;214;GABARRA;1;2016-07-24 00:00:00.000;2016-07-24 00:00:00.000
216;215;GAITANIA;1;2016-07-24 00:00:00.000;2016-07-24 00:00:00.000
217;216;GEGORA,QUIPARA,MURANDO,TIRAVENADO,JIGUADO;1;2016-07-24 00:00:00.000;2016-07-24 00:00:00.000
218;217;GENAREROS;1;2016-07-24 00:00:00.000;2016-07-24 00:00:00.000
219;218;GETUCHA;1;2016-07-24 00:00:00.000;2016-07-24 00:00:00.000
220;219;GIRO;1;2016-07-24 00:00:00.000;2016-07-24 00:00:00.000
221;220;GITO DOCABU;1;2016-07-24 00:00:00.000;2016-07-24 00:00:00.000
222;221;GORGONIA;1;2016-07-24 00:00:00.000;2016-07-24 00:00:00.000
223;222;GRAN ROSARIO -CALVI-LAS PEÑAS-OTROS;1;2016-07-24 00:00:00.000;2016-07-24 00:00:00.000
224;223;GUACAMAYA MAMIYARE;1;2016-07-24 00:00:00.000;2016-07-24 00:00:00.000
225;224;"GUACHAVEZ ";1;2016-07-24 00:00:00.000;2016-07-24 00:00:00.000
226;225;GUACHICONO;1;2016-07-24 00:00:00.000;2016-07-24 00:00:00.000
227;226;GUACHUCAL;1;2016-07-24 00:00:00.000;2016-07-24 00:00:00.000
228;227;GUACO BAJO-GUACO ALTO;1;2016-07-24 00:00:00.000;2016-07-24 00:00:00.000
229;228;GUADUAL-CUMBAS-INVINA-ARRAYAN;1;2016-07-24 00:00:00.000;2016-07-24 00:00:00.000
230;229;GUADUALITO;1;2016-07-24 00:00:00.000;2016-07-24 00:00:00.000
231;230;GUAGUANDO;1;2016-07-24 00:00:00.000;2016-07-24 00:00:00.000
232;231;GUAIPA 1;1;2016-07-24 00:00:00.000;2016-07-24 00:00:00.000
233;232;GUAIPA CENTRO;1;2016-07-24 00:00:00.000;2016-07-24 00:00:00.000
234;233;GUALCALA;1;2016-07-24 00:00:00.000;2016-07-24 00:00:00.000
235;234;GUAMBIA;1;2016-07-24 00:00:00.000;2016-07-24 00:00:00.000
236;235;GUAMBI-YASLAMBI;1;2016-07-24 00:00:00.000;2016-07-24 00:00:00.000
237;236;GUARANDO CARRIZAL;1;2016-07-24 00:00:00.000;2016-07-24 00:00:00.000
238;237;GUASIMAL;1;2016-07-24 00:00:00.000;2016-07-24 00:00:00.000
239;238;"GUATAVITA TUA ";1;2016-07-24 00:00:00.000;2016-07-24 00:00:00.000
240;239;GUAYABAL DE PARTADO;1;2016-07-24 00:00:00.000;2016-07-24 00:00:00.000
241;240;GUAYACAN-SANTA ROSA !;1;2016-07-24 00:00:00.000;2016-07-24 00:00:00.000
242;241;GUAYUYACO;1;2016-07-24 00:00:00.000;2016-07-24 00:00:00.000
243;242;GUELNAMBI-CARANO;1;2016-07-24 00:00:00.000;2016-07-24 00:00:00.000
244;243;HERICHA;1;2016-07-24 00:00:00.000;2016-07-24 00:00:00.000
245;244;HERMEREGILDO CHAKIAMA;1;2016-07-24 00:00:00.000;2016-07-24 00:00:00.000
246;245;HILARQUITO;1;2016-07-24 00:00:00.000;2016-07-24 00:00:00.000
247;246;HONDURAS_1;1;2016-07-24 00:00:00.000;2016-07-24 00:00:00.000
248;247;HONDURAS_2;1;2016-07-24 00:00:00.000;2016-07-24 00:00:00.000
249;248;HUELLAS;1;2016-07-24 00:00:00.000;2016-07-24 00:00:00.000
250;249;HUILA;1;2016-07-24 00:00:00.000;2016-07-24 00:00:00.000
251;250;HURTADO-TEGAVERA;1;2016-07-24 00:00:00.000;2016-07-24 00:00:00.000
252;251;IBIBI (IWIWI);1;2016-07-24 00:00:00.000;2016-07-24 00:00:00.000
253;252;IGUANA;1;2016-07-24 00:00:00.000;2016-07-24 00:00:00.000
254;253;IMBA;1;2016-07-24 00:00:00.000;2016-07-24 00:00:00.000
255;254;INFI;1;2016-07-24 00:00:00.000;2016-07-24 00:00:00.000
256;255;INGA DE CONDAGUA;1;2016-07-24 00:00:00.000;2016-07-24 00:00:00.000
257;256;INGA DE PUERTO LIMON;1;2016-07-24 00:00:00.000;2016-07-24 00:00:00.000
258;257;INGA-KAMSA DE MOCOA;1;2016-07-24 00:00:00.000;2016-07-24 00:00:00.000
259;258;INTEGRADO DEL CHARCO;1;2016-07-24 00:00:00.000;2016-07-24 00:00:00.000
260;259;"IPIALES ";1;2016-07-24 00:00:00.000;2016-07-24 00:00:00.000
261;260;IROKA;1;2016-07-24 00:00:00.000;2016-07-24 00:00:00.000
262;261;ISLA DE RONDA;1;2016-07-24 00:00:00.000;2016-07-24 00:00:00.000
263;262;ISLA DEL MONO;1;2016-07-24 00:00:00.000;2016-07-24 00:00:00.000
264;263;JACOME;1;2016-07-24 00:00:00.000;2016-07-24 00:00:00.000
265;264;JAGUAL RIO CHINTADO;1;2016-07-24 00:00:00.000;2016-07-24 00:00:00.000
266;265;JAIDEZAVE;1;2016-07-24 00:00:00.000;2016-07-24 00:00:00.000
267;266;JAIKERAZAVI (ABIBE MUTATA);1;2016-07-24 00:00:00.000;2016-07-24 00:00:00.000
268;267;JAMBALO;1;2016-07-24 00:00:00.000;2016-07-24 00:00:00.000
269;268;JEBALA;1;2016-07-24 00:00:00.000;2016-07-24 00:00:00.000
270;269;JENATURADO;1;2016-07-24 00:00:00.000;2016-07-24 00:00:00.000
271;270;JENGADO-APARTADO;1;2016-07-24 00:00:00.000;2016-07-24 00:00:00.000
272;271;JERICO-CONSAYA-PEÑAS ALTAS;1;2016-07-24 00:00:00.000;2016-07-24 00:00:00.000
273;272;JIRIJIRI;1;2016-07-24 00:00:00.000;2016-07-24 00:00:00.000
274;273;JULIEROS Y VELAZQUEROS;1;2016-07-24 00:00:00.000;2016-07-24 00:00:00.000
275;274;JURADO-CHOCO;1;2016-07-24 00:00:00.000;2016-07-24 00:00:00.000
276;275;KAMENTZA-BIYA;1;2016-07-24 00:00:00.000;2016-07-24 00:00:00.000
277;276;KAWANARUBA;1;2016-07-24 00:00:00.000;2016-07-24 00:00:00.000
278;277;KILOMETRO 6 Y 11 LETICIA TARAPACA;1;2016-07-24 00:00:00.000;2016-07-24 00:00:00.000
279;278;KOGUI-MALAYO-ARHUACO;1;2016-07-24 00:00:00.000;2016-07-24 00:00:00.000
280;279;KWES KIWE NASA (LA CRISTALINA);1;2016-07-24 00:00:00.000;2016-07-24 00:00:00.000
281;280;KWET WALA (PIEDRA GRANDE);1;2016-07-24 00:00:00.000;2016-07-24 00:00:00.000
282;281;LA AGUADA-SAN ANTONIO;1;2016-07-24 00:00:00.000;2016-07-24 00:00:00.000
283;282;LA AGUADITA;1;2016-07-24 00:00:00.000;2016-07-24 00:00:00.000
284;283;LA ALBANIA;1;2016-07-24 00:00:00.000;2016-07-24 00:00:00.000
285;284;LA ASUNCION;1;2016-07-24 00:00:00.000;2016-07-24 00:00:00.000
286;285;LA CERINDA;1;2016-07-24 00:00:00.000;2016-07-24 00:00:00.000
287;286;LA CONCEPCION;1;2016-07-24 00:00:00.000;2016-07-24 00:00:00.000
288;287;LA CRISTALINA;1;2016-07-24 00:00:00.000;2016-07-24 00:00:00.000
289;288;LA ESMERALDA;1;2016-07-24 00:00:00.000;2016-07-24 00:00:00.000
290;289;LA ESPERANZA;1;2016-07-24 00:00:00.000;2016-07-24 00:00:00.000
291;290;LA FLECHA ALTOZANO;1;2016-07-24 00:00:00.000;2016-07-24 00:00:00.000
292;291;LA FUGA (conv);1;2016-07-24 00:00:00.000;2016-07-24 00:00:00.000
293;292;LA GAITANA;1;2016-07-24 00:00:00.000;2016-07-24 00:00:00.000
294;293;LA ISLA;1;2016-07-24 00:00:00.000;2016-07-24 00:00:00.000
295;294;LA JUAGUA-GUACHAL-PITALITO;1;2016-07-24 00:00:00.000;2016-07-24 00:00:00.000
296;295;LA LEONA;1;2016-07-24 00:00:00.000;2016-07-24 00:00:00.000
297;296;LA LLANURA;1;2016-07-24 00:00:00.000;2016-07-24 00:00:00.000
298;297;LA LOMA;1;2016-07-24 00:00:00.000;2016-07-24 00:00:00.000
299;298;LA MARIA;1;2016-07-24 00:00:00.000;2016-07-24 00:00:00.000
300;299;LA MIRLA;1;2016-07-24 00:00:00.000;2016-07-24 00:00:00.000
301;300;LA MONTAÑA;1;2016-07-24 00:00:00.000;2016-07-24 00:00:00.000
302;301;LA PAILA-NAYA;1;2016-07-24 00:00:00.000;2016-07-24 00:00:00.000
303;302;LA PALMA;1;2016-07-24 00:00:00.000;2016-07-24 00:00:00.000
304;303;LA PASCUA;1;2016-07-24 00:00:00.000;2016-07-24 00:00:00.000
305;304;LA PLAYA;1;2016-07-24 00:00:00.000;2016-07-24 00:00:00.000
306;305;LA PURIA;1;2016-07-24 00:00:00.000;2016-07-24 00:00:00.000
307;306;LA REFORMA;1;2016-07-24 00:00:00.000;2016-07-24 00:00:00.000
308;307;LA SAL;1;2016-07-24 00:00:00.000;2016-07-24 00:00:00.000
309;308;LA SORTIJA;1;2016-07-24 00:00:00.000;2016-07-24 00:00:00.000
310;309;LA TATACOA;1;2016-07-24 00:00:00.000;2016-07-24 00:00:00.000
311;310;LA TURBIA;1;2016-07-24 00:00:00.000;2016-07-24 00:00:00.000
312;311;LA TUTIRA;1;2016-07-24 00:00:00.000;2016-07-24 00:00:00.000
313;312;LA VICTORIA (UMAPO);1;2016-07-24 00:00:00.000;2016-07-24 00:00:00.000
314;313;LA VORAGINE-LA ILUSION;1;2016-07-24 00:00:00.000;2016-07-24 00:00:00.000
315;314;LA YUQUERA;1;2016-07-24 00:00:00.000;2016-07-24 00:00:00.000
316;315;LAGARTO COCHA;1;2016-07-24 00:00:00.000;2016-07-24 00:00:00.000
317;316;LAGOS DEL DORADO Y OTROS;1;2016-07-24 00:00:00.000;2016-07-24 00:00:00.000
318;317;LAGUNA ANGUILLA LA MACARENA;1;2016-07-24 00:00:00.000;2016-07-24 00:00:00.000
319;318;LAGUNA CURVINA-SAPUARA;1;2016-07-24 00:00:00.000;2016-07-24 00:00:00.000
320;319;LAGUNA NEGRA Y CACAO;1;2016-07-24 00:00:00.000;2016-07-24 00:00:00.000
321;320;LAGUNA NIÑAL,CUCUY,LOMABAJA;1;2016-07-24 00:00:00.000;2016-07-24 00:00:00.000
322;321;LAGUNA SIBERIA;1;2016-07-24 00:00:00.000;2016-07-24 00:00:00.000
323;322;LAGUNA TRANQUILA;1;2016-07-24 00:00:00.000;2016-07-24 00:00:00.000
324;323;LAME;1;2016-07-24 00:00:00.000;2016-07-24 00:00:00.000
325;324;LAS BRISAS;1;2016-07-24 00:00:00.000;2016-07-24 00:00:00.000
326;325;LAS DELICIAS;1;2016-07-24 00:00:00.000;2016-07-24 00:00:00.000
327;326;LAS MERCEDES;1;2016-07-24 00:00:00.000;2016-07-24 00:00:00.000
328;327;LAS PALMAS;1;2016-07-24 00:00:00.000;2016-07-24 00:00:00.000
329;328;LAS PLAYAS;1;2016-07-24 00:00:00.000;2016-07-24 00:00:00.000
330;329;LOMAS DE HILARCO;1;2016-07-24 00:00:00.000;2016-07-24 00:00:00.000
331;330;LOMITA DE CURUNDO;1;2016-07-24 00:00:00.000;2016-07-24 00:00:00.000
332;331;LOS ANGELES;1;2016-07-24 00:00:00.000;2016-07-24 00:00:00.000
333;332;LOS IGUANITOS;1;2016-07-24 00:00:00.000;2016-07-24 00:00:00.000
334;333;LOS NIASA;1;2016-07-24 00:00:00.000;2016-07-24 00:00:00.000
335;334;LOS PIJAOS;1;2016-07-24 00:00:00.000;2016-07-24 00:00:00.000
336;335;LOS PLANES;1;2016-07-24 00:00:00.000;2016-07-24 00:00:00.000
337;336;MACARIEROS SAN JOSE;1;2016-07-24 00:00:00.000;2016-07-24 00:00:00.000
338;337;MACEDONIA;1;2016-07-24 00:00:00.000;2016-07-24 00:00:00.000
339;338;MACUARE;1;2016-07-24 00:00:00.000;2016-07-24 00:00:00.000
340;339;"MACUCUANA ";1;2016-07-24 00:00:00.000;2016-07-24 00:00:00.000
341;340;MAJORE-AMBURA;1;2016-07-24 00:00:00.000;2016-07-24 00:00:00.000
342;341;MALLAMA;1;2016-07-24 00:00:00.000;2016-07-24 00:00:00.000
343;342;MAÑATURE;1;2016-07-24 00:00:00.000;2016-07-24 00:00:00.000
344;343;MARGENES DER. E IZQ. RIO SAN JUAN;1;2016-07-24 00:00:00.000;2016-07-24 00:00:00.000
345;344;MATAVEN-FRUTA;1;2016-07-24 00:00:00.000;2016-07-24 00:00:00.000
346;345;MATECANDELA;1;2016-07-24 00:00:00.000;2016-07-24 00:00:00.000
347;346;MATICURU;1;2016-07-24 00:00:00.000;2016-07-24 00:00:00.000
348;347;MAYABANGLOMA;1;2016-07-24 00:00:00.000;2016-07-24 00:00:00.000
349;348;MAYASQUER;1;2016-07-24 00:00:00.000;2016-07-24 00:00:00.000
350;349;MENKUE-MISAYA Y LA PISTA;1;2016-07-24 00:00:00.000;2016-07-24 00:00:00.000
351;350;MERCADILLO;1;2016-07-24 00:00:00.000;2016-07-24 00:00:00.000
352;351;MEREY LA VERAITA;1;2016-07-24 00:00:00.000;2016-07-24 00:00:00.000
353;352;MESA DE ORTEGA;1;2016-07-24 00:00:00.000;2016-07-24 00:00:00.000
354;353;MESAI;1;2016-07-24 00:00:00.000;2016-07-24 00:00:00.000
355;354;MIASA DE PARTADO;1;2016-07-24 00:00:00.000;2016-07-24 00:00:00.000
356;355;MINITAS-MIRALINDO;1;2016-07-24 00:00:00.000;2016-07-24 00:00:00.000
357;356;MIRITI PARANA;1;2016-07-24 00:00:00.000;2016-07-24 00:00:00.000
358;357;MOCAGUA;1;2016-07-24 00:00:00.000;2016-07-24 00:00:00.000
359;358;MONDO-MONDOCITO;1;2016-07-24 00:00:00.000;2016-07-24 00:00:00.000
360;359;MONOCHOA;1;2016-07-24 00:00:00.000;2016-07-24 00:00:00.000
361;360;MONTE HARMON;1;2016-07-24 00:00:00.000;2016-07-24 00:00:00.000
362;361;MOROCOTO BUENAVISTA;1;2016-07-24 00:00:00.000;2016-07-24 00:00:00.000
363;362;MOSOCO;1;2016-07-24 00:00:00.000;2016-07-24 00:00:00.000
364;363;MOTILON-BARI;1;2016-07-24 00:00:00.000;2016-07-24 00:00:00.000
365;364;MOTORDO;1;2016-07-24 00:00:00.000;2016-07-24 00:00:00.000
366;365;MUCO-MAYORAGUA;1;2016-07-24 00:00:00.000;2016-07-24 00:00:00.000
367;366;MUELLAMUES;1;2016-07-24 00:00:00.000;2016-07-24 00:00:00.000
368;367;MUNGARADO;1;2016-07-24 00:00:00.000;2016-07-24 00:00:00.000
369;368;MURCIELAGO-ALTAMIRA;1;2016-07-24 00:00:00.000;2016-07-24 00:00:00.000
370;369;MURRI-PANTANOS;1;2016-07-24 00:00:00.000;2016-07-24 00:00:00.000
371;370;NABERA DRUA;1;2016-07-24 00:00:00.000;2016-07-24 00:00:00.000
372;371;NAPIPI;1;2016-07-24 00:00:00.000;2016-07-24 00:00:00.000
373;372;NARIKIZAVI;1;2016-07-24 00:00:00.000;2016-07-24 00:00:00.000
374;373;NASA KIWE;1;2016-07-24 00:00:00.000;2016-07-24 00:00:00.000
375;374;NASA KWES KIWE;1;2016-07-24 00:00:00.000;2016-07-24 00:00:00.000
376;375;NASA THA;1;2016-07-24 00:00:00.000;2016-07-24 00:00:00.000
377;376;NAZARET;1;2016-07-24 00:00:00.000;2016-07-24 00:00:00.000
378;377;NICOLAS RAMIREZ;1;2016-07-24 00:00:00.000;2016-07-24 00:00:00.000
379;378;NIÑERAS;1;2016-07-24 00:00:00.000;2016-07-24 00:00:00.000
380;379;"NOVIRAO ";1;2016-07-24 00:00:00.000;2016-07-24 00:00:00.000
381;380;NUEVA ESPERANZA;1;2016-07-24 00:00:00.000;2016-07-24 00:00:00.000
382;381;NUEVA ESPERANZA DEL TOMO;1;2016-07-24 00:00:00.000;2016-07-24 00:00:00.000
383;382;NUEVO PITALITO;1;2016-07-24 00:00:00.000;2016-07-24 00:00:00.000
384;383;NUKAK-MAKU;1;2016-07-24 00:00:00.000;2016-07-24 00:00:00.000
385;384;NUKAK-MAKU (Ampliación);1;2016-07-24 00:00:00.000;2016-07-24 00:00:00.000
386;385;NULPE MEDIO-ALTO RIO SAN JUAN;1;2016-07-24 00:00:00.000;2016-07-24 00:00:00.000
387;386;NUNUYA DE VILLA AZUL;1;2016-07-24 00:00:00.000;2016-07-24 00:00:00.000
388;387;NUSIDO;1;2016-07-24 00:00:00.000;2016-07-24 00:00:00.000
389;388;NUSSI PURRU;1;2016-07-24 00:00:00.000;2016-07-24 00:00:00.000
390;389;OKOCHI;1;2016-07-24 00:00:00.000;2016-07-24 00:00:00.000
391;390;OLIRCO;1;2016-07-24 00:00:00.000;2016-07-24 00:00:00.000
392;391;ONDAS DEL CAFRE;1;2016-07-24 00:00:00.000;2016-07-24 00:00:00.000
393;392;OPOGADO-GUAGUANDO;1;2016-07-24 00:00:00.000;2016-07-24 00:00:00.000
394;393;ORDO-SIVARU-AGUACLARA;1;2016-07-24 00:00:00.000;2016-07-24 00:00:00.000
395;394;PABLO MUERA;1;2016-07-24 00:00:00.000;2016-07-24 00:00:00.000
396;395;PACANDE;1;2016-07-24 00:00:00.000;2016-07-24 00:00:00.000
397;396;PAEZ DE QUINTANA;1;2016-07-24 00:00:00.000;2016-07-24 00:00:00.000
398;397;PAEZ DE VILLA LUCIA;1;2016-07-24 00:00:00.000;2016-07-24 00:00:00.000
399;398;PALERMO;1;2016-07-24 00:00:00.000;2016-07-24 00:00:00.000
400;399;PALETARA;1;2016-07-24 00:00:00.000;2016-07-24 00:00:00.000
401;400;PALMA ALTA;1;2016-07-24 00:00:00.000;2016-07-24 00:00:00.000
402;401;PALMAR IMBI;1;2016-07-24 00:00:00.000;2016-07-24 00:00:00.000
403;402;"PANAN ";1;2016-07-24 00:00:00.000;2016-07-24 00:00:00.000
404;403;PANCITARA;1;2016-07-24 00:00:00.000;2016-07-24 00:00:00.000
405;404;PANIA;1;2016-07-24 00:00:00.000;2016-07-24 00:00:00.000
406;405;PANIQUITA;1;2016-07-24 00:00:00.000;2016-07-24 00:00:00.000
407;406;PANURE (VENEZUELA) (conv);1;2016-07-24 00:00:00.000;2016-07-24 00:00:00.000
408;407;PAPAYO (amp);1;2016-07-24 00:00:00.000;2016-07-24 00:00:00.000
409;408;"PARAVARE ";1;2016-07-24 00:00:00.000;2016-07-24 00:00:00.000
410;409;PARREROS;1;2016-07-24 00:00:00.000;2016-07-24 00:00:00.000
411;410;PARTE ALTA RIO GUAINIA;1;2016-07-24 00:00:00.000;2016-07-24 00:00:00.000
412;411;PARTE ORIENTAL DEL VAUPES;1;2016-07-24 00:00:00.000;2016-07-24 00:00:00.000
413;412;PASO ANCHO-CHICUAMBE;1;2016-07-24 00:00:00.000;2016-07-24 00:00:00.000
414;413;PAUJIL;1;2016-07-24 00:00:00.000;2016-07-24 00:00:00.000
415;414;PAVASA-JELLA;1;2016-07-24 00:00:00.000;2016-07-24 00:00:00.000
416;415;PEÑA BLANCA-RIO TRUANDO;1;2016-07-24 00:00:00.000;2016-07-24 00:00:00.000
417;416;PEÑAS DEL OLVIDO;1;2016-07-24 00:00:00.000;2016-07-24 00:00:00.000
418;417;PEÑAS ROJAS;1;2016-07-24 00:00:00.000;2016-07-24 00:00:00.000
419;418;PERANCHITO (AMP);1;2016-07-24 00:00:00.000;2016-07-24 00:00:00.000
420;419;PERANCHO (AMP);1;2016-07-24 00:00:00.000;2016-07-24 00:00:00.000
421;420;PESCADITO;1;2016-07-24 00:00:00.000;2016-07-24 00:00:00.000
422;421;PIALAPI PUEBLO VIEJO;1;2016-07-24 00:00:00.000;2016-07-24 00:00:00.000
423;422;PICHICORA;1;2016-07-24 00:00:00.000;2016-07-24 00:00:00.000
424;423;PIEDRA SELLADA-Q.TRONQUERIA;1;2016-07-24 00:00:00.000;2016-07-24 00:00:00.000
425;424;PIGUAMBI PALANGALA;1;2016-07-24 00:00:00.000;2016-07-24 00:00:00.000
426;425;PINGULLOS-SARDINERO;1;2016-07-24 00:00:00.000;2016-07-24 00:00:00.000
427;426;PIOYA;1;2016-07-24 00:00:00.000;2016-07-24 00:00:00.000
428;427;PIPALTA PALBI YAGUAPI;1;2016-07-24 00:00:00.000;2016-07-24 00:00:00.000
429;428;PITAYO;1;2016-07-24 00:00:00.000;2016-07-24 00:00:00.000
430;429;PLAYAS DE BOJABA;1;2016-07-24 00:00:00.000;2016-07-24 00:00:00.000
431;430;POBLAZON;1;2016-07-24 00:00:00.000;2016-07-24 00:00:00.000
432;431;POCARA;1;2016-07-24 00:00:00.000;2016-07-24 00:00:00.000
433;432;POCHARCO;1;2016-07-24 00:00:00.000;2016-07-24 00:00:00.000
434;433;POLINDARA;1;2016-07-24 00:00:00.000;2016-07-24 00:00:00.000
435;434;POLINES;1;2016-07-24 00:00:00.000;2016-07-24 00:00:00.000
436;435;PORVENIR-KANANGUCHAL;1;2016-07-24 00:00:00.000;2016-07-24 00:00:00.000
437;436;POTOSI;1;2016-07-24 00:00:00.000;2016-07-24 00:00:00.000
438;437;POTRERITO;1;2016-07-24 00:00:00.000;2016-07-24 00:00:00.000
439;438;POTRERITO-DOYARE;1;2016-07-24 00:00:00.000;2016-07-24 00:00:00.000
440;439;PREDIO PUTUMAYO;1;2016-07-24 00:00:00.000;2016-07-24 00:00:00.000
441;440;PREDIO PUTUMAYO (Puerto Limón);1;2016-07-24 00:00:00.000;2016-07-24 00:00:00.000
442;441;PROVINCIAL;1;2016-07-24 00:00:00.000;2016-07-24 00:00:00.000
443;442;PTO VIEJO Y PTO ESPERANZA;1;2016-07-24 00:00:00.000;2016-07-24 00:00:00.000
444;443;PUADO, MATARE, LA LERMA, TERDO;1;2016-07-24 00:00:00.000;2016-07-24 00:00:00.000
445;444;PUEBLO NUEVO;1;2016-07-24 00:00:00.000;2016-07-24 00:00:00.000
446;445;PUEBLO NUEVO-LAGUNA COLORADA;1;2016-07-24 00:00:00.000;2016-07-24 00:00:00.000
447;446;PUERTO ALEGRE-LA DIVISA;1;2016-07-24 00:00:00.000;2016-07-24 00:00:00.000
448;447;PUERTO ANTIOQUIA;1;2016-07-24 00:00:00.000;2016-07-24 00:00:00.000
449;448;PUERTO CORDOBA;1;2016-07-24 00:00:00.000;2016-07-24 00:00:00.000
450;449;PUERTO LIBIA TRIPICAY;1;2016-07-24 00:00:00.000;2016-07-24 00:00:00.000
451;450;PUERTO LIBRE-RIO PEPE;1;2016-07-24 00:00:00.000;2016-07-24 00:00:00.000
452;451;PUERTO NARANJO;1;2016-07-24 00:00:00.000;2016-07-24 00:00:00.000
453;452;PUERTO NARIÑO;1;2016-07-24 00:00:00.000;2016-07-24 00:00:00.000
454;453;PUERTO TRIUNFO;1;2016-07-24 00:00:00.000;2016-07-24 00:00:00.000
455;454;PUERTO ZABALO-LOS MONOS;1;2016-07-24 00:00:00.000;2016-07-24 00:00:00.000
456;455;PULGANDE CAMPOALEGRE;1;2016-07-24 00:00:00.000;2016-07-24 00:00:00.000
457;456;PUNTA BANDERA;1;2016-07-24 00:00:00.000;2016-07-24 00:00:00.000
458;457;PURACE;1;2016-07-24 00:00:00.000;2016-07-24 00:00:00.000
459;458;PUYEROS;1;2016-07-24 00:00:00.000;2016-07-24 00:00:00.000
460;459;QUEBRADA CAÑAVERAL-R SAN JORGE;1;2016-07-24 00:00:00.000;2016-07-24 00:00:00.000
461;460;QUEBRADA QUERA;1;2016-07-24 00:00:00.000;2016-07-24 00:00:00.000
462;461;QUEBRADITAS;1;2016-07-24 00:00:00.000;2016-07-24 00:00:00.000
463;462;QUICHAYA;1;2016-07-24 00:00:00.000;2016-07-24 00:00:00.000
464;463;QUIZGO;1;2016-07-24 00:00:00.000;2016-07-24 00:00:00.000
465;464;RAMOS-MONGON-MANCHURIA;1;2016-07-24 00:00:00.000;2016-07-24 00:00:00.000
466;465;RECINTO PALMAROSA;1;2016-07-24 00:00:00.000;2016-07-24 00:00:00.000
467;466;REMANSO CHORRO BOCON;1;2016-07-24 00:00:00.000;2016-07-24 00:00:00.000
468;467;RESGUARDO DE COTA;1;2016-07-24 00:00:00.000;2016-07-24 00:00:00.000
469;468;RICAURTE;1;2016-07-24 00:00:00.000;2016-07-24 00:00:00.000
470;469;RINCON BODEGA;1;2016-07-24 00:00:00.000;2016-07-24 00:00:00.000
471;470;RINCON DE ANCHIQUE;1;2016-07-24 00:00:00.000;2016-07-24 00:00:00.000
472;471;RIO BEBARA;1;2016-07-24 00:00:00.000;2016-07-24 00:00:00.000
473;472;RIO BEBARAMA;1;2016-07-24 00:00:00.000;2016-07-24 00:00:00.000
474;473;RIO BLANCO;1;2016-07-24 00:00:00.000;2016-07-24 00:00:00.000
475;474;RIO CHAJERADO;1;2016-07-24 00:00:00.000;2016-07-24 00:00:00.000
476;475;RIO DAGUA;1;2016-07-24 00:00:00.000;2016-07-24 00:00:00.000
477;476;RIO DOMINGODO;1;2016-07-24 00:00:00.000;2016-07-24 00:00:00.000
478;477;RIO GARRAPATAS;1;2016-07-24 00:00:00.000;2016-07-24 00:00:00.000
479;478;RIO GUANGUI;1;2016-07-24 00:00:00.000;2016-07-24 00:00:00.000
480;479;RIO ICHO QUEBRADA BARATUDO;1;2016-07-24 00:00:00.000;2016-07-24 00:00:00.000
481;480;RIO JARAPETO;1;2016-07-24 00:00:00.000;2016-07-24 00:00:00.000
482;481;RIO LA PLAYA-CHOCO;1;2016-07-24 00:00:00.000;2016-07-24 00:00:00.000
483;482;RIO LA RAYA;1;2016-07-24 00:00:00.000;2016-07-24 00:00:00.000
484;483;RIO LANAS O CAPA;1;2016-07-24 00:00:00.000;2016-07-24 00:00:00.000
485;484;RIO MUCO Y GUARROJO;1;2016-07-24 00:00:00.000;2016-07-24 00:00:00.000
486;485;RIO MUMBU;1;2016-07-24 00:00:00.000;2016-07-24 00:00:00.000
487;486;RIO MUNGUIDO;1;2016-07-24 00:00:00.000;2016-07-24 00:00:00.000
488;487;RIO MURINDO;1;2016-07-24 00:00:00.000;2016-07-24 00:00:00.000
489;488;RIO NAYA (JOAQUINCITO) !;1;2016-07-24 00:00:00.000;2016-07-24 00:00:00.000
490;489;RIO NEGUA;1;2016-07-24 00:00:00.000;2016-07-24 00:00:00.000
491;490;RIO NUQUI;1;2016-07-24 00:00:00.000;2016-07-24 00:00:00.000
492;491;RIO ORPUA;1;2016-07-24 00:00:00.000;2016-07-24 00:00:00.000
493;492;RIO PANGUI;1;2016-07-24 00:00:00.000;2016-07-24 00:00:00.000
494;493;RIO PICHIMA;1;2016-07-24 00:00:00.000;2016-07-24 00:00:00.000
495;494;RIO PURRICHA;1;2016-07-24 00:00:00.000;2016-07-24 00:00:00.000
496;495;RIO QUIPARADO;1;2016-07-24 00:00:00.000;2016-07-24 00:00:00.000
497;496;RIO SANQUIANGA;1;2016-07-24 00:00:00.000;2016-07-24 00:00:00.000
498;497;RIO SATINGA (BACAO);1;2016-07-24 00:00:00.000;2016-07-24 00:00:00.000
499;498;RIO SIARE-BARRANCO LINDO;1;2016-07-24 00:00:00.000;2016-07-24 00:00:00.000
500;499;RIO TAPARAL;1;2016-07-24 00:00:00.000;2016-07-24 00:00:00.000
501;500;RIO TOMO Y WEBERI;1;2016-07-24 00:00:00.000;2016-07-24 00:00:00.000
502;501;RIO TORREIDO-CHIMANI;1;2016-07-24 00:00:00.000;2016-07-24 00:00:00.000
503;502;RIO UVA Y POGUE;1;2016-07-24 00:00:00.000;2016-07-24 00:00:00.000
504;503;RIOS ATABAPO E INIRIDA (Cacahual);1;2016-07-24 00:00:00.000;2016-07-24 00:00:00.000
505;504;RIOS CATRU Y DUBASA (amp);1;2016-07-24 00:00:00.000;2016-07-24 00:00:00.000
506;505;RIOS CUIARI E ISANA (Pto.Colombia);1;2016-07-24 00:00:00.000;2016-07-24 00:00:00.000
507;506;RIOS JURUBIDA-CHORI-ALTO BAUDO;1;2016-07-24 00:00:00.000;2016-07-24 00:00:00.000
508;507;"RIOS PATO-JENGADO (amp) ";1;2016-07-24 00:00:00.000;2016-07-24 00:00:00.000
509;508;RIOS PAVARANDO-AMPARRADO MEDIO;1;2016-07-24 00:00:00.000;2016-07-24 00:00:00.000
510;509;ROQUEROS EL DORADO;1;2016-07-24 00:00:00.000;2016-07-24 00:00:00.000
511;510;RUMIYACO;1;2016-07-24 00:00:00.000;2016-07-24 00:00:00.000
512;511;SABALETA;1;2016-07-24 00:00:00.000;2016-07-24 00:00:00.000
513;512;SABANAS DE CURRIPAO;1;2016-07-24 00:00:00.000;2016-07-24 00:00:00.000
514;513;SALAQUI-PAVARANDO;1;2016-07-24 00:00:00.000;2016-07-24 00:00:00.000
515;514;SAN AGUSTIN;1;2016-07-24 00:00:00.000;2016-07-24 00:00:00.000
516;515;SAN AGUSTIN-LA FLORESTA;1;2016-07-24 00:00:00.000;2016-07-24 00:00:00.000
517;516;SAN ANDRES DE PISIMBALA;1;2016-07-24 00:00:00.000;2016-07-24 00:00:00.000
518;517;SAN ANDRES DE SOTAVENTO;1;2016-07-24 00:00:00.000;2016-07-24 00:00:00.000
519;518;SAN ANTONIO DE CALARMA;1;2016-07-24 00:00:00.000;2016-07-24 00:00:00.000
520;519;SAN ANTONIO DE FRAGUA;1;2016-07-24 00:00:00.000;2016-07-24 00:00:00.000
521;520;SAN ANTONIO DE LOS LAGOS;1;2016-07-24 00:00:00.000;2016-07-24 00:00:00.000
522;521;SAN DIEGO;1;2016-07-24 00:00:00.000;2016-07-24 00:00:00.000
523;522;SAN FRANCISCO;1;2016-07-24 00:00:00.000;2016-07-24 00:00:00.000
524;523;SAN JOSE;1;2016-07-24 00:00:00.000;2016-07-24 00:00:00.000
525;524;SAN JOSE AMIA DE PATO;1;2016-07-24 00:00:00.000;2016-07-24 00:00:00.000
526;525;SAN JOSE DE LIPA (CONVERSION);1;2016-07-24 00:00:00.000;2016-07-24 00:00:00.000
527;526;SAN JOSE DEL RIO;1;2016-07-24 00:00:00.000;2016-07-24 00:00:00.000
528;527;SAN JUAN;1;2016-07-24 00:00:00.000;2016-07-24 00:00:00.000
529;528;SAN JUAN DE LOS PARENTES;1;2016-07-24 00:00:00.000;2016-07-24 00:00:00.000
530;529;SAN JUAN PAMPON;1;2016-07-24 00:00:00.000;2016-07-24 00:00:00.000
531;530;"SAN JUANITO ";1;2016-07-24 00:00:00.000;2016-07-24 00:00:00.000
532;531;SAN LORENZO;1;2016-07-24 00:00:00.000;2016-07-24 00:00:00.000
533;532;"SAN LORENZO DE CALDONO ";1;2016-07-24 00:00:00.000;2016-07-24 00:00:00.000
534;533;SAN LUIS;1;2016-07-24 00:00:00.000;2016-07-24 00:00:00.000
535;534;SAN LUIS DEL TOMO;1;2016-07-24 00:00:00.000;2016-07-24 00:00:00.000
536;535;SAN MATIAS O JAI-DUKAMA;1;2016-07-24 00:00:00.000;2016-07-24 00:00:00.000
537;536;SAN MIGUEL;1;2016-07-24 00:00:00.000;2016-07-24 00:00:00.000
538;537;SAN MIGUEL DE LA CASTELLANA;1;2016-07-24 00:00:00.000;2016-07-24 00:00:00.000
539;538;SAN PABLO EL PARA;1;2016-07-24 00:00:00.000;2016-07-24 00:00:00.000
540;539;SAN RAFAEL;1;2016-07-24 00:00:00.000;2016-07-24 00:00:00.000
541;540;SAN SEBASTIAN;1;2016-07-24 00:00:00.000;2016-07-24 00:00:00.000
542;541;SANANDOCITO;1;2016-07-24 00:00:00.000;2016-07-24 00:00:00.000
543;542;SANQUIANGUITA;1;2016-07-24 00:00:00.000;2016-07-24 00:00:00.000
544;543;SANTA CECILIA-QUEBRADA ORO;1;2016-07-24 00:00:00.000;2016-07-24 00:00:00.000
545;544;SANTA CRUZ DE PIÑUÑA BLANCO;1;2016-07-24 00:00:00.000;2016-07-24 00:00:00.000
546;545;SANTA MARIA DE PANGALA;1;2016-07-24 00:00:00.000;2016-07-24 00:00:00.000
547;546;SANTA MARIA EL CHARCON;1;2016-07-24 00:00:00.000;2016-07-24 00:00:00.000
548;547;SANTA MARTA;1;2016-07-24 00:00:00.000;2016-07-24 00:00:00.000
549;548;SANTA MARTA DE CURICHE;1;2016-07-24 00:00:00.000;2016-07-24 00:00:00.000
550;549;SANTA MARTA INSPECCION;1;2016-07-24 00:00:00.000;2016-07-24 00:00:00.000
551;550;"SANTA MARTA PALMAR ";1;2016-07-24 00:00:00.000;2016-07-24 00:00:00.000
552;551;SANTA MARTA-DIAMANTE;1;2016-07-24 00:00:00.000;2016-07-24 00:00:00.000
553;552;SANTA RITA;1;2016-07-24 00:00:00.000;2016-07-24 00:00:00.000
554;553;SANTA ROSA CERRO CUCUY MORICHALVIEJO;1;2016-07-24 00:00:00.000;2016-07-24 00:00:00.000
555;554;SANTA ROSA DE CAPISCO;1;2016-07-24 00:00:00.000;2016-07-24 00:00:00.000
556;555;SANTA ROSA DE IJUA;1;2016-07-24 00:00:00.000;2016-07-24 00:00:00.000
557;556;SANTA ROSA DE SUCUMBIOS;1;2016-07-24 00:00:00.000;2016-07-24 00:00:00.000
558;557;SANTA ROSA DEL GUAMUEZ (conv);1;2016-07-24 00:00:00.000;2016-07-24 00:00:00.000
559;558;SANTA ROSALIA;1;2016-07-24 00:00:00.000;2016-07-24 00:00:00.000
560;559;SANTA SOFIA Y EL PROGRESO;1;2016-07-24 00:00:00.000;2016-07-24 00:00:00.000
561;560;SANTA TERESITA DEL TUPARRO;1;2016-07-24 00:00:00.000;2016-07-24 00:00:00.000
562;561;SARACURE RIO CADA;1;2016-07-24 00:00:00.000;2016-07-24 00:00:00.000
563;562;SEJALITO-SAN BENITO;1;2016-07-24 00:00:00.000;2016-07-24 00:00:00.000
564;563;SEVER;1;2016-07-24 00:00:00.000;2016-07-24 00:00:00.000
565;564;"SIBERIA ";1;2016-07-24 00:00:00.000;2016-07-24 00:00:00.000
566;565;SIBUNDOY PARTE ALTA;1;2016-07-24 00:00:00.000;2016-07-24 00:00:00.000
567;566;SIRENA BERRECUY;1;2016-07-24 00:00:00.000;2016-07-24 00:00:00.000
568;567;SOCORPA;1;2016-07-24 00:00:00.000;2016-07-24 00:00:00.000
569;568;SOLDADO PARATE BIEN;1;2016-07-24 00:00:00.000;2016-07-24 00:00:00.000
570;569;SUIN;1;2016-07-24 00:00:00.000;2016-07-24 00:00:00.000
571;570;SURATENA;1;2016-07-24 00:00:00.000;2016-07-24 00:00:00.000
572;571;TACUEYO;1;2016-07-24 00:00:00.000;2016-07-24 00:00:00.000
573;572;TAGUAL-LA PO;1;2016-07-24 00:00:00.000;2016-07-24 00:00:00.000
574;573;TAHAMI DEL ANDAGUEDA;1;2016-07-24 00:00:00.000;2016-07-24 00:00:00.000
575;574;TALAGA;1;2016-07-24 00:00:00.000;2016-07-24 00:00:00.000
576;575;TAMA-PAEZ-LA GABRIELA;1;2016-07-24 00:00:00.000;2016-07-24 00:00:00.000
577;576;TAMAS DEL CAGUAN;1;2016-07-24 00:00:00.000;2016-07-24 00:00:00.000
578;577;TAMIRCO;1;2016-07-24 00:00:00.000;2016-07-24 00:00:00.000
579;578;TANELA,(DADICHI, CITARA);1;2016-07-24 00:00:00.000;2016-07-24 00:00:00.000
580;579;TARENA;1;2016-07-24 00:00:00.000;2016-07-24 00:00:00.000
581;580;TIERRA ALTA;1;2016-07-24 00:00:00.000;2016-07-24 00:00:00.000
582;581;TIGRES Y MUNCHIQUE;1;2016-07-24 00:00:00.000;2016-07-24 00:00:00.000
583;582;TINAJAS;1;2016-07-24 00:00:00.000;2016-07-24 00:00:00.000
584;583;TIOSILIDIO;1;2016-07-24 00:00:00.000;2016-07-24 00:00:00.000
585;584;TOEZ;1;2016-07-24 00:00:00.000;2016-07-24 00:00:00.000
586;585;TOGOIMA;1;2016-07-24 00:00:00.000;2016-07-24 00:00:00.000
587;586;TOGOROMA;1;2016-07-24 00:00:00.000;2016-07-24 00:00:00.000
588;587;TOKOLLORO;1;2016-07-24 00:00:00.000;2016-07-24 00:00:00.000
589;588;TONINA-SEJAL-SAN JOSE;1;2016-07-24 00:00:00.000;2016-07-24 00:00:00.000
590;589;TORIBIO;1;2016-07-24 00:00:00.000;2016-07-24 00:00:00.000
591;590;TORTUGAÑA-TELEMBI-OTROS;1;2016-07-24 00:00:00.000;2016-07-24 00:00:00.000
592;591;TOTARCO DINDE TRADICIONAL;1;2016-07-24 00:00:00.000;2016-07-24 00:00:00.000
593;592;TOTARCO DINDE-INDEPENDIENTE;1;2016-07-24 00:00:00.000;2016-07-24 00:00:00.000
594;593;TOTARCO NIPLE;1;2016-07-24 00:00:00.000;2016-07-24 00:00:00.000
595;594;TOTARCO PIEDRAS;1;2016-07-24 00:00:00.000;2016-07-24 00:00:00.000
596;595;TOTARCO TAMARINDO;1;2016-07-24 00:00:00.000;2016-07-24 00:00:00.000
597;596;TOTORO;1;2016-07-24 00:00:00.000;2016-07-24 00:00:00.000
598;597;TOTUMAL;1;2016-07-24 00:00:00.000;2016-07-24 00:00:00.000
599;598;TRAPICHE-RIO PEPE;1;2016-07-24 00:00:00.000;2016-07-24 00:00:00.000
600;599;TRES ESQUINAS;1;2016-07-24 00:00:00.000;2016-07-24 00:00:00.000
601;600;TRONQUERIA,PULGRANDE,PALICITO;1;2016-07-24 00:00:00.000;2016-07-24 00:00:00.000
602;601;TRUPIOGACHO-LA MESETA;1;2016-07-24 00:00:00.000;2016-07-24 00:00:00.000
603;602;TUMBICHUCUE;1;2016-07-24 00:00:00.000;2016-07-24 00:00:00.000
604;603;TUMBURAO;1;2016-07-24 00:00:00.000;2016-07-24 00:00:00.000
605;604;TUNGINA-APARTADO-ZUÑIGA;1;2016-07-24 00:00:00.000;2016-07-24 00:00:00.000
606;605;TUQUERRES;1;2016-07-24 00:00:00.000;2016-07-24 00:00:00.000
607;606;UKUMARI KANKHE;1;2016-07-24 00:00:00.000;2016-07-24 00:00:00.000
608;607;UNA APUCHON;1;2016-07-24 00:00:00.000;2016-07-24 00:00:00.000
609;608;UNIDO UWA;1;2016-07-24 00:00:00.000;2016-07-24 00:00:00.000
610;609;UNION CHOCO SAN CRISTOBAL;1;2016-07-24 00:00:00.000;2016-07-24 00:00:00.000
611;610;VALDIVIA;1;2016-07-24 00:00:00.000;2016-07-24 00:00:00.000
612;611;VALLE BOROBORO-POZO MANZA-BRAZO;1;2016-07-24 00:00:00.000;2016-07-24 00:00:00.000
613;612;VALLE DE PERDIDAS JENGAMECONDA;1;2016-07-24 00:00:00.000;2016-07-24 00:00:00.000
614;613;VALLE DE SIBUNDOY;1;2016-07-24 00:00:00.000;2016-07-24 00:00:00.000
615;614;VALLES DEL SOL;1;2016-07-24 00:00:00.000;2016-07-24 00:00:00.000
616;615;VANIA CHAMI DE ARGELIA;1;2016-07-24 00:00:00.000;2016-07-24 00:00:00.000
617;616;VENCEDOR PIRIRI (conv);1;2016-07-24 00:00:00.000;2016-07-24 00:00:00.000
618;617;VILLA CATALINA DE PUERTO ROSARIO;1;2016-07-24 00:00:00.000;2016-07-24 00:00:00.000
619;618;VILLANUEVA JUNA;1;2016-07-24 00:00:00.000;2016-07-24 00:00:00.000
620;619;VITONCO;1;2016-07-24 00:00:00.000;2016-07-24 00:00:00.000
621;620;VUELTA DEL ALIVIO;1;2016-07-24 00:00:00.000;2016-07-24 00:00:00.000
622;621;VUELTA DEL RIO;1;2016-07-24 00:00:00.000;2016-07-24 00:00:00.000
623;622;WACOYO (COROCITO YOPALITO G.);1;2016-07-24 00:00:00.000;2016-07-24 00:00:00.000
624;623;WALLIANI;1;2016-07-24 00:00:00.000;2016-07-24 00:00:00.000
625;624;WANCHIRADO-CHOCO;1;2016-07-24 00:00:00.000;2016-07-24 00:00:00.000
626;625;WASIPUNGO;1;2016-07-24 00:00:00.000;2016-07-24 00:00:00.000
627;626;"WASIRUMA ";1;2016-07-24 00:00:00.000;2016-07-24 00:00:00.000
628;627;"WAYUU DE LOMAMATO ";1;2016-07-24 00:00:00.000;2016-07-24 00:00:00.000
629;628;WITORA O HUITORA;1;2016-07-24 00:00:00.000;2016-07-24 00:00:00.000
630;629;WITOTO DE TUKUNARE;1;2016-07-24 00:00:00.000;2016-07-24 00:00:00.000
631;630;YABERARADO (ABIBE CHIGORODO);1;2016-07-24 00:00:00.000;2016-07-24 00:00:00.000
632;631;YACO MOLANA;1;2016-07-24 00:00:00.000;2016-07-24 00:00:00.000
633;632;YAGUARA II-LLANOS DEL YARI;1;2016-07-24 00:00:00.000;2016-07-24 00:00:00.000
634;633;YAIGOJE-RIO APAPORIS**;1;2016-07-24 00:00:00.000;2016-07-24 00:00:00.000
635;634;YAQUIVA;1;2016-07-24 00:00:00.000;2016-07-24 00:00:00.000
636;635;"YARAMAL ";1;2016-07-24 00:00:00.000;2016-07-24 00:00:00.000
637;636;YARINAL-SAN MARCELINO (conv);1;2016-07-24 00:00:00.000;2016-07-24 00:00:00.000
638;637;YARUMAL Y EL BARRANCO;1;2016-07-24 00:00:00.000;2016-07-24 00:00:00.000
639;638;YASCUAL;1;2016-07-24 00:00:00.000;2016-07-24 00:00:00.000
640;639;YAVILLA II;1;2016-07-24 00:00:00.000;2016-07-24 00:00:00.000
641;640;YUNGUILLO;1;2016-07-24 00:00:00.000;2016-07-24 00:00:00.000
642;641;YURI;1;2016-07-24 00:00:00.000;2016-07-24 00:00:00.000
643;642;ZARAGOZA;1;2016-07-24 00:00:00.000;2016-07-24 00:00:00.000
644;643;ZARAGOZA TAMARINDO;1;2016-07-24 00:00:00.000;2016-07-24 00:00:00.000
645;644;ZIT-SEK DEL QUECAL;1;2016-07-24 00:00:00.000;2016-07-24 00:00:00.000
646;662;ESCOPETERA Y PIRZA;1;2016-07-24 00:00:00.000;2016-07-24 00:00:00.000
